id,name,url,Hotel_id
878, Quality Inn-Clearwater ,https://s3.amazonaws.com/photo-carousel/Pictures_for_carousel/HotelPhoto13.jpg,74
880, Quality Inn-Clearwater ,https://s3.amazonaws.com/photo-carousel/Pictures_for_carousel/HotelPhoto14.jpg,74
881, Quality Inn-Clearwater ,https://s3.amazonaws.com/photo-carousel/Pictures_for_carousel/HotelPhoto44.jpg,74
882, Quality Inn-Clearwater ,https://s3.amazonaws.com/photo-carousel/Pictures_for_carousel/HotelPhoto30.jpg,74
883, Quality Inn-Clearwater ,https://s3.amazonaws.com/photo-carousel/Pictures_for_carousel/HotelPhoto25.jpg,74
884, Quality Inn-Clearwater ,https://s3.amazonaws.com/photo-carousel/Pictures_for_carousel/HotelPhoto56.jpg,74
885, Quality Inn-Clearwater ,https://s3.amazonaws.com/photo-carousel/Pictures_for_carousel/HotelPhoto39.jpg,74
886, Quality Inn-Clearwater ,https://s3.amazonaws.com/photo-carousel/Pictures_for_carousel/HotelPhoto45.jpg,74
887, Quality Inn-Clearwater ,https://s3.amazonaws.com/photo-carousel/Pictures_for_carousel/HotelPhoto53.jpg,74
888, Quality Inn-Clearwater ,https://s3.amazonaws.com/photo-carousel/Pictures_for_carousel/HotelPhoto40.jpg,74
889, Quality Inn-Clearwater ,https://s3.amazonaws.com/photo-carousel/Pictures_for_carousel/HotelPhoto27.jpg,74
890, Quality Inn-Clearwater ,https://s3.amazonaws.com/photo-carousel/Pictures_for_carousel/HotelPhoto17.jpg,74
891, Quality Inn-Clearwater ,https://s3.amazonaws.com/photo-carousel/Pictures_for_carousel/HotelPhoto31.jpg,74
892, Quality Inn-Clearwater ,https://s3.amazonaws.com/photo-carousel/Pictures_for_carousel/HotelPhoto33.jpg,74
895, Quality Inn-Clearwater ,https://s3.amazonaws.com/photo-carousel/Pictures_for_carousel/HotelPhoto28.jpg,74
896, Quality Inn-Clearwater ,https://s3.amazonaws.com/photo-carousel/Pictures_for_carousel/HotelPhoto16.jpg,74
897, Quality Inn-Clearwater ,https://s3.amazonaws.com/photo-carousel/Pictures_for_carousel/HotelPhoto46.jpg,74
184, Bleu Rock Inn ,https://s3.amazonaws.com/photo-carousel/Pictures_for_carousel/HotelPhoto36.jpg,8
185, Bleu Rock Inn ,https://s3.amazonaws.com/photo-carousel/Pictures_for_carousel/HotelPhoto24.jpg,8
186, Bleu Rock Inn ,https://s3.amazonaws.com/photo-carousel/Pictures_for_carousel/HotelPhoto8.jpg,8
187, Bleu Rock Inn ,https://s3.amazonaws.com/photo-carousel/Pictures_for_carousel/HotelPhoto11.jpg,8
188, Bleu Rock Inn ,https://s3.amazonaws.com/photo-carousel/Pictures_for_carousel/HotelPhoto21.jpg,8
189, Bleu Rock Inn ,https://s3.amazonaws.com/photo-carousel/Pictures_for_carousel/HotelPhoto53.jpg,8
190, Bleu Rock Inn ,https://s3.amazonaws.com/photo-carousel/Pictures_for_carousel/HotelPhoto20.jpg,8
314, Bleu Rock Inn ,https://s3.amazonaws.com/photo-carousel/Pictures_for_carousel/HotelPhoto32.jpg,8
605, Annabelle Bed & Breakfast ,https://s3.amazonaws.com/photo-carousel/Pictures_for_carousel/HotelPhoto34.jpg,2
606, Annabelle Bed & Breakfast ,https://s3.amazonaws.com/photo-carousel/Pictures_for_carousel/HotelPhoto32.jpg,2
607, Annabelle Bed & Breakfast ,https://s3.amazonaws.com/photo-carousel/Pictures_for_carousel/HotelPhoto22.jpg,2
608, Annabelle Bed & Breakfast ,https://s3.amazonaws.com/photo-carousel/Pictures_for_carousel/HotelPhoto9.jpg,2
609, Annabelle Bed & Breakfast ,https://s3.amazonaws.com/photo-carousel/Pictures_for_carousel/HotelPhoto40.jpg,2
610, Annabelle Bed & Breakfast ,https://s3.amazonaws.com/photo-carousel/Pictures_for_carousel/HotelPhoto17.jpg,2
611, Annabelle Bed & Breakfast ,https://s3.amazonaws.com/photo-carousel/Pictures_for_carousel/HotelPhoto48.jpg,2
612, Annabelle Bed & Breakfast ,https://s3.amazonaws.com/photo-carousel/Pictures_for_carousel/HotelPhoto18.jpg,2
613, Annabelle Bed & Breakfast ,https://s3.amazonaws.com/photo-carousel/Pictures_for_carousel/HotelPhoto25.jpg,2
614, Annabelle Bed & Breakfast ,https://s3.amazonaws.com/photo-carousel/Pictures_for_carousel/HotelPhoto29.jpg,2
615, Annabelle Bed & Breakfast ,https://s3.amazonaws.com/photo-carousel/Pictures_for_carousel/HotelPhoto35.jpg,2
616, Annabelle Bed & Breakfast ,https://s3.amazonaws.com/photo-carousel/Pictures_for_carousel/HotelPhoto33.jpg,2
617, Annabelle Bed & Breakfast ,https://s3.amazonaws.com/photo-carousel/Pictures_for_carousel/HotelPhoto37.jpg,2
618, Annabelle Bed & Breakfast ,https://s3.amazonaws.com/photo-carousel/Pictures_for_carousel/HotelPhoto43.jpg,2
641, Annabelle Bed & Breakfast ,https://s3.amazonaws.com/photo-carousel/Pictures_for_carousel/HotelPhoto5.jpg,2
733,Wanderlust Hotel,https://s3.amazonaws.com/photo-carousel/Pictures_for_carousel/HotelPhoto19.jpg,77
735,Wanderlust Hotel,https://s3.amazonaws.com/photo-carousel/Pictures_for_carousel/HotelPhoto41.jpg,77
736,Wanderlust Hotel,https://s3.amazonaws.com/photo-carousel/Pictures_for_carousel/HotelPhoto24.jpg,77
737,Wanderlust Hotel,https://s3.amazonaws.com/photo-carousel/Pictures_for_carousel/HotelPhoto37.jpg,77
738,Wanderlust Hotel,https://s3.amazonaws.com/photo-carousel/Pictures_for_carousel/HotelPhoto54.jpg,77
739,Wanderlust Hotel,https://s3.amazonaws.com/photo-carousel/Pictures_for_carousel/HotelPhoto11.jpg,77
740,Wanderlust Hotel,https://s3.amazonaws.com/photo-carousel/Pictures_for_carousel/HotelPhoto9.jpg,77
741,Wanderlust Hotel,https://s3.amazonaws.com/photo-carousel/Pictures_for_carousel/HotelPhoto18.jpg,77
744,Wanderlust Hotel,https://s3.amazonaws.com/photo-carousel/Pictures_for_carousel/HotelPhoto6.jpg,77
763,Wanderlust Hotel,https://s3.amazonaws.com/photo-carousel/Pictures_for_carousel/HotelPhoto56.jpg,77
437,Triple Spa Hotel,https://s3.amazonaws.com/photo-carousel/Pictures_for_carousel/HotelPhoto58.jpg,26
438,Triple Spa Hotel,https://s3.amazonaws.com/photo-carousel/Pictures_for_carousel/HotelPhoto27.jpg,26
439,Triple Spa Hotel,https://s3.amazonaws.com/photo-carousel/Pictures_for_carousel/HotelPhoto47.jpg,26
440,Triple Spa Hotel,https://s3.amazonaws.com/photo-carousel/Pictures_for_carousel/HotelPhoto3.jpg,26
441,Triple Spa Hotel,https://s3.amazonaws.com/photo-carousel/Pictures_for_carousel/HotelPhoto5.jpg,26
442,Triple Spa Hotel,https://s3.amazonaws.com/photo-carousel/Pictures_for_carousel/HotelPhoto42.jpg,26
443,Triple Spa Hotel,https://s3.amazonaws.com/photo-carousel/Pictures_for_carousel/HotelPhoto28.jpg,26
444,Triple Spa Hotel,https://s3.amazonaws.com/photo-carousel/Pictures_for_carousel/HotelPhoto4.jpg,26
446,Triple Spa Hotel,https://s3.amazonaws.com/photo-carousel/Pictures_for_carousel/HotelPhoto22.jpg,26
447,Triple Spa Hotel,https://s3.amazonaws.com/photo-carousel/Pictures_for_carousel/HotelPhoto6.jpg,26
448,Triple Spa Hotel,https://s3.amazonaws.com/photo-carousel/Pictures_for_carousel/HotelPhoto9.jpg,26
449,Triple Spa Hotel,https://s3.amazonaws.com/photo-carousel/Pictures_for_carousel/HotelPhoto21.jpg,26
451,Triple Spa Hotel,https://s3.amazonaws.com/photo-carousel/Pictures_for_carousel/HotelPhoto54.jpg,26
726, Evergreen Lodge ,https://s3.amazonaws.com/photo-carousel/Pictures_for_carousel/HotelPhoto37.jpg,30
728, Evergreen Lodge ,https://s3.amazonaws.com/photo-carousel/Pictures_for_carousel/HotelPhoto57.jpg,30
745, Evergreen Lodge ,https://s3.amazonaws.com/photo-carousel/Pictures_for_carousel/HotelPhoto28.jpg,30
813, Evergreen Lodge ,https://s3.amazonaws.com/photo-carousel/Pictures_for_carousel/HotelPhoto4.jpg,30
913,Sunset Horizon Hotel,https://s3.amazonaws.com/photo-carousel/Pictures_for_carousel/HotelPhoto62.jpg,99
55, Trails West Cottages ,https://s3.amazonaws.com/photo-carousel/Pictures_for_carousel/HotelPhoto4.jpg,91
56, Trails West Cottages ,https://s3.amazonaws.com/photo-carousel/Pictures_for_carousel/HotelPhoto8.jpg,91
57, Trails West Cottages ,https://s3.amazonaws.com/photo-carousel/Pictures_for_carousel/HotelPhoto15.jpg,91
58, Trails West Cottages ,https://s3.amazonaws.com/photo-carousel/Pictures_for_carousel/HotelPhoto37.jpg,91
59, Trails West Cottages ,https://s3.amazonaws.com/photo-carousel/Pictures_for_carousel/HotelPhoto49.jpg,91
60, Trails West Cottages ,https://s3.amazonaws.com/photo-carousel/Pictures_for_carousel/HotelPhoto48.jpg,91
480, Happy Valley Lodge ,https://s3.amazonaws.com/photo-carousel/Pictures_for_carousel/HotelPhoto58.jpg,36
481, Happy Valley Lodge ,https://s3.amazonaws.com/photo-carousel/Pictures_for_carousel/HotelPhoto9.jpg,36
482, Happy Valley Lodge ,https://s3.amazonaws.com/photo-carousel/Pictures_for_carousel/HotelPhoto50.jpg,36
483, Happy Valley Lodge ,https://s3.amazonaws.com/photo-carousel/Pictures_for_carousel/HotelPhoto4.jpg,36
484, Happy Valley Lodge ,https://s3.amazonaws.com/photo-carousel/Pictures_for_carousel/HotelPhoto32.jpg,36
485, Happy Valley Lodge ,https://s3.amazonaws.com/photo-carousel/Pictures_for_carousel/HotelPhoto55.jpg,36
486, Happy Valley Lodge ,https://s3.amazonaws.com/photo-carousel/Pictures_for_carousel/HotelPhoto24.jpg,36
487, Happy Valley Lodge ,https://s3.amazonaws.com/photo-carousel/Pictures_for_carousel/HotelPhoto14.jpg,36
489, Happy Valley Lodge ,https://s3.amazonaws.com/photo-carousel/Pictures_for_carousel/HotelPhoto7.jpg,36
370, Hotel Utica ,https://s3.amazonaws.com/photo-carousel/Pictures_for_carousel/HotelPhoto7.jpg,41
373, Hotel Utica ,https://s3.amazonaws.com/photo-carousel/Pictures_for_carousel/HotelPhoto8.jpg,41
374, Hotel Utica ,https://s3.amazonaws.com/photo-carousel/Pictures_for_carousel/HotelPhoto40.jpg,41
375, Hotel Utica ,https://s3.amazonaws.com/photo-carousel/Pictures_for_carousel/HotelPhoto58.jpg,41
376, Hotel Utica ,https://s3.amazonaws.com/photo-carousel/Pictures_for_carousel/HotelPhoto27.jpg,41
377, Hotel Utica ,https://s3.amazonaws.com/photo-carousel/Pictures_for_carousel/HotelPhoto52.jpg,41
378, Hotel Utica ,https://s3.amazonaws.com/photo-carousel/Pictures_for_carousel/HotelPhoto42.jpg,41
379, Hotel Utica ,https://s3.amazonaws.com/photo-carousel/Pictures_for_carousel/HotelPhoto2.jpg,41
381, Hotel Utica ,https://s3.amazonaws.com/photo-carousel/Pictures_for_carousel/HotelPhoto33.jpg,41
393, Hotel Utica ,https://s3.amazonaws.com/photo-carousel/Pictures_for_carousel/HotelPhoto29.jpg,41
142,Stargaze Hotel,https://s3.amazonaws.com/photo-carousel/Pictures_for_carousel/HotelPhoto30.jpg,21
263, Lopstick Lodge & Cabins ,https://s3.amazonaws.com/photo-carousel/Pictures_for_carousel/HotelPhoto3.jpg,57
265, Lopstick Lodge & Cabins ,https://s3.amazonaws.com/photo-carousel/Pictures_for_carousel/HotelPhoto7.jpg,57
267, Lopstick Lodge & Cabins ,https://s3.amazonaws.com/photo-carousel/Pictures_for_carousel/HotelPhoto21.jpg,57
269, Lopstick Lodge & Cabins ,https://s3.amazonaws.com/photo-carousel/Pictures_for_carousel/HotelPhoto31.jpg,57
270, Lopstick Lodge & Cabins ,https://s3.amazonaws.com/photo-carousel/Pictures_for_carousel/HotelPhoto57.jpg,57
271, Lopstick Lodge & Cabins ,https://s3.amazonaws.com/photo-carousel/Pictures_for_carousel/HotelPhoto8.jpg,57
272, Lopstick Lodge & Cabins ,https://s3.amazonaws.com/photo-carousel/Pictures_for_carousel/HotelPhoto53.jpg,57
273, Lopstick Lodge & Cabins ,https://s3.amazonaws.com/photo-carousel/Pictures_for_carousel/HotelPhoto11.jpg,57
274, Lopstick Lodge & Cabins ,https://s3.amazonaws.com/photo-carousel/Pictures_for_carousel/HotelPhoto46.jpg,57
275, Lopstick Lodge & Cabins ,https://s3.amazonaws.com/photo-carousel/Pictures_for_carousel/HotelPhoto1.jpg,57
276, Lopstick Lodge & Cabins ,https://s3.amazonaws.com/photo-carousel/Pictures_for_carousel/HotelPhoto41.jpg,57
283, Lopstick Lodge & Cabins ,https://s3.amazonaws.com/photo-carousel/Pictures_for_carousel/HotelPhoto14.jpg,57
367, Wolcott Hotel ,https://s3.amazonaws.com/photo-carousel/Pictures_for_carousel/HotelPhoto41.jpg,96
371, Wolcott Hotel ,https://s3.amazonaws.com/photo-carousel/Pictures_for_carousel/HotelPhoto5.jpg,96
372, Wolcott Hotel ,https://s3.amazonaws.com/photo-carousel/Pictures_for_carousel/HotelPhoto34.jpg,96
727, Mills House Hotel ,https://s3.amazonaws.com/photo-carousel/Pictures_for_carousel/HotelPhoto37.jpg,62
730, Mills House Hotel ,https://s3.amazonaws.com/photo-carousel/Pictures_for_carousel/HotelPhoto5.jpg,62
731, Mills House Hotel ,https://s3.amazonaws.com/photo-carousel/Pictures_for_carousel/HotelPhoto18.jpg,62
732, Mills House Hotel ,https://s3.amazonaws.com/photo-carousel/Pictures_for_carousel/HotelPhoto8.jpg,62
734, Mills House Hotel ,https://s3.amazonaws.com/photo-carousel/Pictures_for_carousel/HotelPhoto50.jpg,62
145, Midnight Properties ,https://s3.amazonaws.com/photo-carousel/Pictures_for_carousel/HotelPhoto27.jpg,61
146, Midnight Properties ,https://s3.amazonaws.com/photo-carousel/Pictures_for_carousel/HotelPhoto20.jpg,61
147, Midnight Properties ,https://s3.amazonaws.com/photo-carousel/Pictures_for_carousel/HotelPhoto57.jpg,61
148, Midnight Properties ,https://s3.amazonaws.com/photo-carousel/Pictures_for_carousel/HotelPhoto18.jpg,61
149, Midnight Properties ,https://s3.amazonaws.com/photo-carousel/Pictures_for_carousel/HotelPhoto47.jpg,61
150, Midnight Properties ,https://s3.amazonaws.com/photo-carousel/Pictures_for_carousel/HotelPhoto13.jpg,61
152, Midnight Properties ,https://s3.amazonaws.com/photo-carousel/Pictures_for_carousel/HotelPhoto4.jpg,61
153, Midnight Properties ,https://s3.amazonaws.com/photo-carousel/Pictures_for_carousel/HotelPhoto41.jpg,61
154, Midnight Properties ,https://s3.amazonaws.com/photo-carousel/Pictures_for_carousel/HotelPhoto51.jpg,61
155, Midnight Properties ,https://s3.amazonaws.com/photo-carousel/Pictures_for_carousel/HotelPhoto5.jpg,61
156, Midnight Properties ,https://s3.amazonaws.com/photo-carousel/Pictures_for_carousel/HotelPhoto45.jpg,61
158, Midnight Properties ,https://s3.amazonaws.com/photo-carousel/Pictures_for_carousel/HotelPhoto22.jpg,61
912,Peaceful Mill Resort,https://s3.amazonaws.com/photo-carousel/Pictures_for_carousel/HotelPhoto61.jpg,98
533,Southern Chasm Hotel,https://s3.amazonaws.com/photo-carousel/Pictures_for_carousel/HotelPhoto41.jpg,38
534,Southern Chasm Hotel,https://s3.amazonaws.com/photo-carousel/Pictures_for_carousel/HotelPhoto17.jpg,38
535,Southern Chasm Hotel,https://s3.amazonaws.com/photo-carousel/Pictures_for_carousel/HotelPhoto32.jpg,38
536,Southern Chasm Hotel,https://s3.amazonaws.com/photo-carousel/Pictures_for_carousel/HotelPhoto1.jpg,38
537,Southern Chasm Hotel,https://s3.amazonaws.com/photo-carousel/Pictures_for_carousel/HotelPhoto21.jpg,38
538,Southern Chasm Hotel,https://s3.amazonaws.com/photo-carousel/Pictures_for_carousel/HotelPhoto18.jpg,38
539,Southern Chasm Hotel,https://s3.amazonaws.com/photo-carousel/Pictures_for_carousel/HotelPhoto19.jpg,38
540,Southern Chasm Hotel,https://s3.amazonaws.com/photo-carousel/Pictures_for_carousel/HotelPhoto16.jpg,38
541,Southern Chasm Hotel,https://s3.amazonaws.com/photo-carousel/Pictures_for_carousel/HotelPhoto27.jpg,38
542,Southern Chasm Hotel,https://s3.amazonaws.com/photo-carousel/Pictures_for_carousel/HotelPhoto6.jpg,38
543,Southern Chasm Hotel,https://s3.amazonaws.com/photo-carousel/Pictures_for_carousel/HotelPhoto2.jpg,38
545,Southern Chasm Hotel,https://s3.amazonaws.com/photo-carousel/Pictures_for_carousel/HotelPhoto9.jpg,38
546,Southern Chasm Hotel,https://s3.amazonaws.com/photo-carousel/Pictures_for_carousel/HotelPhoto24.jpg,38
547,Southern Chasm Hotel,https://s3.amazonaws.com/photo-carousel/Pictures_for_carousel/HotelPhoto51.jpg,38
549,Southern Chasm Hotel,https://s3.amazonaws.com/photo-carousel/Pictures_for_carousel/HotelPhoto43.jpg,38
550,Southern Chasm Hotel,https://s3.amazonaws.com/photo-carousel/Pictures_for_carousel/HotelPhoto10.jpg,38
207, Moonlight Bay Bed & Breakfast ,https://s3.amazonaws.com/photo-carousel/Pictures_for_carousel/HotelPhoto31.jpg,63
208, Moonlight Bay Bed & Breakfast ,https://s3.amazonaws.com/photo-carousel/Pictures_for_carousel/HotelPhoto54.jpg,63
209, Moonlight Bay Bed & Breakfast ,https://s3.amazonaws.com/photo-carousel/Pictures_for_carousel/HotelPhoto28.jpg,63
211, Moonlight Bay Bed & Breakfast ,https://s3.amazonaws.com/photo-carousel/Pictures_for_carousel/HotelPhoto57.jpg,63
212, Moonlight Bay Bed & Breakfast ,https://s3.amazonaws.com/photo-carousel/Pictures_for_carousel/HotelPhoto6.jpg,63
213, Moonlight Bay Bed & Breakfast ,https://s3.amazonaws.com/photo-carousel/Pictures_for_carousel/HotelPhoto39.jpg,63
214, Moonlight Bay Bed & Breakfast ,https://s3.amazonaws.com/photo-carousel/Pictures_for_carousel/HotelPhoto26.jpg,63
215, Moonlight Bay Bed & Breakfast ,https://s3.amazonaws.com/photo-carousel/Pictures_for_carousel/HotelPhoto36.jpg,63
216, Moonlight Bay Bed & Breakfast ,https://s3.amazonaws.com/photo-carousel/Pictures_for_carousel/HotelPhoto35.jpg,63
217, Moonlight Bay Bed & Breakfast ,https://s3.amazonaws.com/photo-carousel/Pictures_for_carousel/HotelPhoto42.jpg,63
218, Moonlight Bay Bed & Breakfast ,https://s3.amazonaws.com/photo-carousel/Pictures_for_carousel/HotelPhoto40.jpg,63
219, Moonlight Bay Bed & Breakfast ,https://s3.amazonaws.com/photo-carousel/Pictures_for_carousel/HotelPhoto12.jpg,63
220, Moonlight Bay Bed & Breakfast ,https://s3.amazonaws.com/photo-carousel/Pictures_for_carousel/HotelPhoto5.jpg,63
222, Moonlight Bay Bed & Breakfast ,https://s3.amazonaws.com/photo-carousel/Pictures_for_carousel/HotelPhoto43.jpg,63
364, Lions Inn ,https://s3.amazonaws.com/photo-carousel/Pictures_for_carousel/HotelPhoto3.jpg,56
366, Lions Inn ,https://s3.amazonaws.com/photo-carousel/Pictures_for_carousel/HotelPhoto24.jpg,56
368, Lions Inn ,https://s3.amazonaws.com/photo-carousel/Pictures_for_carousel/HotelPhoto16.jpg,56
369, Lions Inn ,https://s3.amazonaws.com/photo-carousel/Pictures_for_carousel/HotelPhoto21.jpg,56
830, Madison River Cabins & Rv ,https://s3.amazonaws.com/photo-carousel/Pictures_for_carousel/HotelPhoto31.jpg,59
832, Madison River Cabins & Rv ,https://s3.amazonaws.com/photo-carousel/Pictures_for_carousel/HotelPhoto44.jpg,59
833, Madison River Cabins & Rv ,https://s3.amazonaws.com/photo-carousel/Pictures_for_carousel/HotelPhoto53.jpg,59
834, Madison River Cabins & Rv ,https://s3.amazonaws.com/photo-carousel/Pictures_for_carousel/HotelPhoto41.jpg,59
835, Madison River Cabins & Rv ,https://s3.amazonaws.com/photo-carousel/Pictures_for_carousel/HotelPhoto22.jpg,59
836, Madison River Cabins & Rv ,https://s3.amazonaws.com/photo-carousel/Pictures_for_carousel/HotelPhoto24.jpg,59
838, Madison River Cabins & Rv ,https://s3.amazonaws.com/photo-carousel/Pictures_for_carousel/HotelPhoto54.jpg,59
839, Madison River Cabins & Rv ,https://s3.amazonaws.com/photo-carousel/Pictures_for_carousel/HotelPhoto48.jpg,59
840, Madison River Cabins & Rv ,https://s3.amazonaws.com/photo-carousel/Pictures_for_carousel/HotelPhoto18.jpg,59
841, Madison River Cabins & Rv ,https://s3.amazonaws.com/photo-carousel/Pictures_for_carousel/HotelPhoto21.jpg,59
842, Madison River Cabins & Rv ,https://s3.amazonaws.com/photo-carousel/Pictures_for_carousel/HotelPhoto39.jpg,59
848, Madison River Cabins & Rv ,https://s3.amazonaws.com/photo-carousel/Pictures_for_carousel/HotelPhoto45.jpg,59
849, Madison River Cabins & Rv ,https://s3.amazonaws.com/photo-carousel/Pictures_for_carousel/HotelPhoto49.jpg,59
908, Madison River Cabins & Rv ,https://s3.amazonaws.com/photo-carousel/Pictures_for_carousel/HotelPhoto57.jpg,59
517,Secret Spa Resort,https://s3.amazonaws.com/photo-carousel/Pictures_for_carousel/HotelPhoto52.jpg,46
519,Secret Spa Resort,https://s3.amazonaws.com/photo-carousel/Pictures_for_carousel/HotelPhoto38.jpg,46
729,Sunway Hotel,https://s3.amazonaws.com/photo-carousel/Pictures_for_carousel/HotelPhoto29.jpg,47
512,Mellow Manor Resort & Spa,https://s3.amazonaws.com/photo-carousel/Pictures_for_carousel/HotelPhoto25.jpg,12
514,Mellow Manor Resort & Spa,https://s3.amazonaws.com/photo-carousel/Pictures_for_carousel/HotelPhoto8.jpg,12
518,Mellow Manor Resort & Spa,https://s3.amazonaws.com/photo-carousel/Pictures_for_carousel/HotelPhoto29.jpg,12
280, Somerset Hills Hotel,https://s3.amazonaws.com/photo-carousel/Pictures_for_carousel/HotelPhoto35.jpg,82
282, Somerset Hills Hotel,https://s3.amazonaws.com/photo-carousel/Pictures_for_carousel/HotelPhoto1.jpg,82
284, Somerset Hills Hotel,https://s3.amazonaws.com/photo-carousel/Pictures_for_carousel/HotelPhoto4.jpg,82
285, Somerset Hills Hotel,https://s3.amazonaws.com/photo-carousel/Pictures_for_carousel/HotelPhoto43.jpg,82
286, Somerset Hills Hotel,https://s3.amazonaws.com/photo-carousel/Pictures_for_carousel/HotelPhoto33.jpg,82
287, Somerset Hills Hotel,https://s3.amazonaws.com/photo-carousel/Pictures_for_carousel/HotelPhoto28.jpg,82
288, Somerset Hills Hotel,https://s3.amazonaws.com/photo-carousel/Pictures_for_carousel/HotelPhoto39.jpg,82
289, Somerset Hills Hotel,https://s3.amazonaws.com/photo-carousel/Pictures_for_carousel/HotelPhoto8.jpg,82
290, Somerset Hills Hotel,https://s3.amazonaws.com/photo-carousel/Pictures_for_carousel/HotelPhoto41.jpg,82
291, Somerset Hills Hotel,https://s3.amazonaws.com/photo-carousel/Pictures_for_carousel/HotelPhoto14.jpg,82
292, Somerset Hills Hotel,https://s3.amazonaws.com/photo-carousel/Pictures_for_carousel/HotelPhoto48.jpg,82
293, Somerset Hills Hotel,https://s3.amazonaws.com/photo-carousel/Pictures_for_carousel/HotelPhoto7.jpg,82
294, Somerset Hills Hotel,https://s3.amazonaws.com/photo-carousel/Pictures_for_carousel/HotelPhoto2.jpg,82
295, Somerset Hills Hotel,https://s3.amazonaws.com/photo-carousel/Pictures_for_carousel/HotelPhoto20.jpg,82
299, Somerset Hills Hotel,https://s3.amazonaws.com/photo-carousel/Pictures_for_carousel/HotelPhoto53.jpg,82
297,Glorious Cloud Resort,https://s3.amazonaws.com/photo-carousel/Pictures_for_carousel/HotelPhoto45.jpg,60
306,Glorious Cloud Resort,https://s3.amazonaws.com/photo-carousel/Pictures_for_carousel/HotelPhoto38.jpg,60
488, Country Inn-Columbia ,https://s3.amazonaws.com/photo-carousel/Pictures_for_carousel/HotelPhoto43.jpg,17
490, Country Inn-Columbia ,https://s3.amazonaws.com/photo-carousel/Pictures_for_carousel/HotelPhoto8.jpg,17
492, Country Inn-Columbia ,https://s3.amazonaws.com/photo-carousel/Pictures_for_carousel/HotelPhoto27.jpg,17
493, Country Inn-Columbia ,https://s3.amazonaws.com/photo-carousel/Pictures_for_carousel/HotelPhoto2.jpg,17
494, Country Inn-Columbia ,https://s3.amazonaws.com/photo-carousel/Pictures_for_carousel/HotelPhoto38.jpg,17
495, Country Inn-Columbia ,https://s3.amazonaws.com/photo-carousel/Pictures_for_carousel/HotelPhoto12.jpg,17
496, Country Inn-Columbia ,https://s3.amazonaws.com/photo-carousel/Pictures_for_carousel/HotelPhoto48.jpg,17
506, Country Inn-Columbia ,https://s3.amazonaws.com/photo-carousel/Pictures_for_carousel/HotelPhoto41.jpg,17
296, Inn On Charlotte Street ,https://s3.amazonaws.com/photo-carousel/Pictures_for_carousel/HotelPhoto18.jpg,44
298, Inn On Charlotte Street ,https://s3.amazonaws.com/photo-carousel/Pictures_for_carousel/HotelPhoto34.jpg,44
300, Inn On Charlotte Street ,https://s3.amazonaws.com/photo-carousel/Pictures_for_carousel/HotelPhoto16.jpg,44
301, Inn On Charlotte Street ,https://s3.amazonaws.com/photo-carousel/Pictures_for_carousel/HotelPhoto11.jpg,44
302, Inn On Charlotte Street ,https://s3.amazonaws.com/photo-carousel/Pictures_for_carousel/HotelPhoto47.jpg,44
303, Inn On Charlotte Street ,https://s3.amazonaws.com/photo-carousel/Pictures_for_carousel/HotelPhoto6.jpg,44
304, Inn On Charlotte Street ,https://s3.amazonaws.com/photo-carousel/Pictures_for_carousel/HotelPhoto32.jpg,44
305, Inn On Charlotte Street ,https://s3.amazonaws.com/photo-carousel/Pictures_for_carousel/HotelPhoto12.jpg,44
307, Inn On Charlotte Street ,https://s3.amazonaws.com/photo-carousel/Pictures_for_carousel/HotelPhoto46.jpg,44
308, Inn On Charlotte Street ,https://s3.amazonaws.com/photo-carousel/Pictures_for_carousel/HotelPhoto27.jpg,44
309, Inn On Charlotte Street ,https://s3.amazonaws.com/photo-carousel/Pictures_for_carousel/HotelPhoto22.jpg,44
310, Inn On Charlotte Street ,https://s3.amazonaws.com/photo-carousel/Pictures_for_carousel/HotelPhoto15.jpg,44
312, Inn On Charlotte Street ,https://s3.amazonaws.com/photo-carousel/Pictures_for_carousel/HotelPhoto51.jpg,44
313, Inn On Charlotte Street ,https://s3.amazonaws.com/photo-carousel/Pictures_for_carousel/HotelPhoto24.jpg,44
317, Inn On Charlotte Street ,https://s3.amazonaws.com/photo-carousel/Pictures_for_carousel/HotelPhoto3.jpg,44
576, The Milford Plaza Hotel ,https://s3.amazonaws.com/photo-carousel/Pictures_for_carousel/HotelPhoto37.jpg,89
578, The Milford Plaza Hotel ,https://s3.amazonaws.com/photo-carousel/Pictures_for_carousel/HotelPhoto30.jpg,89
579, The Milford Plaza Hotel ,https://s3.amazonaws.com/photo-carousel/Pictures_for_carousel/HotelPhoto1.jpg,89
580, The Milford Plaza Hotel ,https://s3.amazonaws.com/photo-carousel/Pictures_for_carousel/HotelPhoto45.jpg,89
581, The Milford Plaza Hotel ,https://s3.amazonaws.com/photo-carousel/Pictures_for_carousel/HotelPhoto6.jpg,89
582, The Milford Plaza Hotel ,https://s3.amazonaws.com/photo-carousel/Pictures_for_carousel/HotelPhoto5.jpg,89
583, The Milford Plaza Hotel ,https://s3.amazonaws.com/photo-carousel/Pictures_for_carousel/HotelPhoto21.jpg,89
584, The Milford Plaza Hotel ,https://s3.amazonaws.com/photo-carousel/Pictures_for_carousel/HotelPhoto54.jpg,89
585, The Milford Plaza Hotel ,https://s3.amazonaws.com/photo-carousel/Pictures_for_carousel/HotelPhoto31.jpg,89
586, The Milford Plaza Hotel ,https://s3.amazonaws.com/photo-carousel/Pictures_for_carousel/HotelPhoto42.jpg,89
587, The Milford Plaza Hotel ,https://s3.amazonaws.com/photo-carousel/Pictures_for_carousel/HotelPhoto40.jpg,89
589, The Milford Plaza Hotel ,https://s3.amazonaws.com/photo-carousel/Pictures_for_carousel/HotelPhoto24.jpg,89
102, Fernwood Estates B & B ,https://s3.amazonaws.com/photo-carousel/Pictures_for_carousel/HotelPhoto35.jpg,31
103, Fernwood Estates B & B ,https://s3.amazonaws.com/photo-carousel/Pictures_for_carousel/HotelPhoto8.jpg,31
104, Fernwood Estates B & B ,https://s3.amazonaws.com/photo-carousel/Pictures_for_carousel/HotelPhoto50.jpg,31
105, Fernwood Estates B & B ,https://s3.amazonaws.com/photo-carousel/Pictures_for_carousel/HotelPhoto5.jpg,31
106, Fernwood Estates B & B ,https://s3.amazonaws.com/photo-carousel/Pictures_for_carousel/HotelPhoto41.jpg,31
107, Fernwood Estates B & B ,https://s3.amazonaws.com/photo-carousel/Pictures_for_carousel/HotelPhoto31.jpg,31
108, Fernwood Estates B & B ,https://s3.amazonaws.com/photo-carousel/Pictures_for_carousel/HotelPhoto46.jpg,31
109, Fernwood Estates B & B ,https://s3.amazonaws.com/photo-carousel/Pictures_for_carousel/HotelPhoto21.jpg,31
110, Fernwood Estates B & B ,https://s3.amazonaws.com/photo-carousel/Pictures_for_carousel/HotelPhoto16.jpg,31
111, Fernwood Estates B & B ,https://s3.amazonaws.com/photo-carousel/Pictures_for_carousel/HotelPhoto33.jpg,31
112, Fernwood Estates B & B ,https://s3.amazonaws.com/photo-carousel/Pictures_for_carousel/HotelPhoto12.jpg,31
113, Fernwood Estates B & B ,https://s3.amazonaws.com/photo-carousel/Pictures_for_carousel/HotelPhoto45.jpg,31
114, Fernwood Estates B & B ,https://s3.amazonaws.com/photo-carousel/Pictures_for_carousel/HotelPhoto38.jpg,31
115, Fernwood Estates B & B ,https://s3.amazonaws.com/photo-carousel/Pictures_for_carousel/HotelPhoto30.jpg,31
121, Fernwood Estates B & B ,https://s3.amazonaws.com/photo-carousel/Pictures_for_carousel/HotelPhoto27.jpg,31
397,Nimbus Resort,https://s3.amazonaws.com/photo-carousel/Pictures_for_carousel/HotelPhoto40.jpg,39
399,Nimbus Resort,https://s3.amazonaws.com/photo-carousel/Pictures_for_carousel/HotelPhoto8.jpg,39
401,Nimbus Resort,https://s3.amazonaws.com/photo-carousel/Pictures_for_carousel/HotelPhoto6.jpg,39
402,Nimbus Resort,https://s3.amazonaws.com/photo-carousel/Pictures_for_carousel/HotelPhoto54.jpg,39
403,Nimbus Resort,https://s3.amazonaws.com/photo-carousel/Pictures_for_carousel/HotelPhoto5.jpg,39
404,Nimbus Resort,https://s3.amazonaws.com/photo-carousel/Pictures_for_carousel/HotelPhoto34.jpg,39
405,Nimbus Resort,https://s3.amazonaws.com/photo-carousel/Pictures_for_carousel/HotelPhoto27.jpg,39
406,Nimbus Resort,https://s3.amazonaws.com/photo-carousel/Pictures_for_carousel/HotelPhoto26.jpg,39
407,Nimbus Resort,https://s3.amazonaws.com/photo-carousel/Pictures_for_carousel/HotelPhoto18.jpg,39
408,Nimbus Resort,https://s3.amazonaws.com/photo-carousel/Pictures_for_carousel/HotelPhoto31.jpg,39
409,Nimbus Resort,https://s3.amazonaws.com/photo-carousel/Pictures_for_carousel/HotelPhoto44.jpg,39
410,Nimbus Resort,https://s3.amazonaws.com/photo-carousel/Pictures_for_carousel/HotelPhoto10.jpg,39
411,Nimbus Resort,https://s3.amazonaws.com/photo-carousel/Pictures_for_carousel/HotelPhoto1.jpg,39
414,Nimbus Resort,https://s3.amazonaws.com/photo-carousel/Pictures_for_carousel/HotelPhoto9.jpg,39
417,Nimbus Resort,https://s3.amazonaws.com/photo-carousel/Pictures_for_carousel/HotelPhoto7.jpg,39
420,Nimbus Resort,https://s3.amazonaws.com/photo-carousel/Pictures_for_carousel/HotelPhoto41.jpg,39
563, Flagship Motel,https://s3.amazonaws.com/photo-carousel/Pictures_for_carousel/HotelPhoto37.jpg,32
564, Flagship Motel,https://s3.amazonaws.com/photo-carousel/Pictures_for_carousel/HotelPhoto7.jpg,32
565, Flagship Motel,https://s3.amazonaws.com/photo-carousel/Pictures_for_carousel/HotelPhoto2.jpg,32
567, Flagship Motel,https://s3.amazonaws.com/photo-carousel/Pictures_for_carousel/HotelPhoto17.jpg,32
568, Flagship Motel,https://s3.amazonaws.com/photo-carousel/Pictures_for_carousel/HotelPhoto43.jpg,32
569, Flagship Motel,https://s3.amazonaws.com/photo-carousel/Pictures_for_carousel/HotelPhoto47.jpg,32
571, Flagship Motel,https://s3.amazonaws.com/photo-carousel/Pictures_for_carousel/HotelPhoto31.jpg,32
572, Flagship Motel,https://s3.amazonaws.com/photo-carousel/Pictures_for_carousel/HotelPhoto15.jpg,32
573, Flagship Motel,https://s3.amazonaws.com/photo-carousel/Pictures_for_carousel/HotelPhoto18.jpg,32
574, Flagship Motel,https://s3.amazonaws.com/photo-carousel/Pictures_for_carousel/HotelPhoto12.jpg,32
575, Flagship Motel,https://s3.amazonaws.com/photo-carousel/Pictures_for_carousel/HotelPhoto57.jpg,32
577, Flagship Motel,https://s3.amazonaws.com/photo-carousel/Pictures_for_carousel/HotelPhoto21.jpg,32
599, Flagship Motel,https://s3.amazonaws.com/photo-carousel/Pictures_for_carousel/HotelPhoto39.jpg,32
633, Flagship Motel,https://s3.amazonaws.com/photo-carousel/Pictures_for_carousel/HotelPhoto48.jpg,32
752, Border View Lodge ,https://s3.amazonaws.com/photo-carousel/Pictures_for_carousel/HotelPhoto35.jpg,9
754, Border View Lodge ,https://s3.amazonaws.com/photo-carousel/Pictures_for_carousel/HotelPhoto1.jpg,9
755, Border View Lodge ,https://s3.amazonaws.com/photo-carousel/Pictures_for_carousel/HotelPhoto47.jpg,9
756, Border View Lodge ,https://s3.amazonaws.com/photo-carousel/Pictures_for_carousel/HotelPhoto34.jpg,9
757, Border View Lodge ,https://s3.amazonaws.com/photo-carousel/Pictures_for_carousel/HotelPhoto40.jpg,9
758, Border View Lodge ,https://s3.amazonaws.com/photo-carousel/Pictures_for_carousel/HotelPhoto18.jpg,9
759, Border View Lodge ,https://s3.amazonaws.com/photo-carousel/Pictures_for_carousel/HotelPhoto45.jpg,9
761, Border View Lodge ,https://s3.amazonaws.com/photo-carousel/Pictures_for_carousel/HotelPhoto51.jpg,9
762, Border View Lodge ,https://s3.amazonaws.com/photo-carousel/Pictures_for_carousel/HotelPhoto41.jpg,9
277, Pine Creek Apartments ,https://s3.amazonaws.com/photo-carousel/Pictures_for_carousel/HotelPhoto47.jpg,70
278, Pine Creek Apartments ,https://s3.amazonaws.com/photo-carousel/Pictures_for_carousel/HotelPhoto45.jpg,70
279, Pine Creek Apartments ,https://s3.amazonaws.com/photo-carousel/Pictures_for_carousel/HotelPhoto5.jpg,70
281, Pine Creek Apartments ,https://s3.amazonaws.com/photo-carousel/Pictures_for_carousel/HotelPhoto39.jpg,70
175,Traveller Resort,https://s3.amazonaws.com/photo-carousel/Pictures_for_carousel/HotelPhoto44.jpg,37
177,Traveller Resort,https://s3.amazonaws.com/photo-carousel/Pictures_for_carousel/HotelPhoto46.jpg,37
178,Traveller Resort,https://s3.amazonaws.com/photo-carousel/Pictures_for_carousel/HotelPhoto40.jpg,37
179,Traveller Resort,https://s3.amazonaws.com/photo-carousel/Pictures_for_carousel/HotelPhoto56.jpg,37
180,Traveller Resort,https://s3.amazonaws.com/photo-carousel/Pictures_for_carousel/HotelPhoto4.jpg,37
181,Traveller Resort,https://s3.amazonaws.com/photo-carousel/Pictures_for_carousel/HotelPhoto39.jpg,37
182,Traveller Resort,https://s3.amazonaws.com/photo-carousel/Pictures_for_carousel/HotelPhoto42.jpg,37
183,Traveller Resort,https://s3.amazonaws.com/photo-carousel/Pictures_for_carousel/HotelPhoto13.jpg,37
858,Atlantic Cavern Resort,https://s3.amazonaws.com/photo-carousel/Pictures_for_carousel/HotelPhoto28.jpg,6
859,Atlantic Cavern Resort,https://s3.amazonaws.com/photo-carousel/Pictures_for_carousel/HotelPhoto16.jpg,6
860,Atlantic Cavern Resort,https://s3.amazonaws.com/photo-carousel/Pictures_for_carousel/HotelPhoto21.jpg,6
861,Atlantic Cavern Resort,https://s3.amazonaws.com/photo-carousel/Pictures_for_carousel/HotelPhoto6.jpg,6
862,Atlantic Cavern Resort,https://s3.amazonaws.com/photo-carousel/Pictures_for_carousel/HotelPhoto12.jpg,6
863,Atlantic Cavern Resort,https://s3.amazonaws.com/photo-carousel/Pictures_for_carousel/HotelPhoto27.jpg,6
864,Atlantic Cavern Resort,https://s3.amazonaws.com/photo-carousel/Pictures_for_carousel/HotelPhoto13.jpg,6
865,Atlantic Cavern Resort,https://s3.amazonaws.com/photo-carousel/Pictures_for_carousel/HotelPhoto51.jpg,6
866,Atlantic Cavern Resort,https://s3.amazonaws.com/photo-carousel/Pictures_for_carousel/HotelPhoto32.jpg,6
867,Atlantic Cavern Resort,https://s3.amazonaws.com/photo-carousel/Pictures_for_carousel/HotelPhoto48.jpg,6
868,Atlantic Cavern Resort,https://s3.amazonaws.com/photo-carousel/Pictures_for_carousel/HotelPhoto23.jpg,6
877,Atlantic Cavern Resort,https://s3.amazonaws.com/photo-carousel/Pictures_for_carousel/HotelPhoto45.jpg,6
713,Lunar Tide Resort,https://s3.amazonaws.com/photo-carousel/Pictures_for_carousel/HotelPhoto16.jpg,58
714,Lunar Tide Resort,https://s3.amazonaws.com/photo-carousel/Pictures_for_carousel/HotelPhoto5.jpg,58
715,Lunar Tide Resort,https://s3.amazonaws.com/photo-carousel/Pictures_for_carousel/HotelPhoto48.jpg,58
716,Lunar Tide Resort,https://s3.amazonaws.com/photo-carousel/Pictures_for_carousel/HotelPhoto20.jpg,58
717,Lunar Tide Resort,https://s3.amazonaws.com/photo-carousel/Pictures_for_carousel/HotelPhoto44.jpg,58
720,Lunar Tide Resort,https://s3.amazonaws.com/photo-carousel/Pictures_for_carousel/HotelPhoto11.jpg,58
721,Lunar Tide Resort,https://s3.amazonaws.com/photo-carousel/Pictures_for_carousel/HotelPhoto38.jpg,58
722,Lunar Tide Resort,https://s3.amazonaws.com/photo-carousel/Pictures_for_carousel/HotelPhoto46.jpg,58
709, Commonwealth Court Guest House ,https://s3.amazonaws.com/photo-carousel/Pictures_for_carousel/HotelPhoto57.jpg,18
710, Commonwealth Court Guest House ,https://s3.amazonaws.com/photo-carousel/Pictures_for_carousel/HotelPhoto46.jpg,18
711, Commonwealth Court Guest House ,https://s3.amazonaws.com/photo-carousel/Pictures_for_carousel/HotelPhoto26.jpg,18
718, Commonwealth Court Guest House ,https://s3.amazonaws.com/photo-carousel/Pictures_for_carousel/HotelPhoto24.jpg,18
588,Azure Resort & Spa,https://s3.amazonaws.com/photo-carousel/Pictures_for_carousel/HotelPhoto36.jpg,75
590,Azure Resort & Spa,https://s3.amazonaws.com/photo-carousel/Pictures_for_carousel/HotelPhoto14.jpg,75
591,Azure Resort & Spa,https://s3.amazonaws.com/photo-carousel/Pictures_for_carousel/HotelPhoto40.jpg,75
592,Azure Resort & Spa,https://s3.amazonaws.com/photo-carousel/Pictures_for_carousel/HotelPhoto30.jpg,75
593,Azure Resort & Spa,https://s3.amazonaws.com/photo-carousel/Pictures_for_carousel/HotelPhoto45.jpg,75
594,Azure Resort & Spa,https://s3.amazonaws.com/photo-carousel/Pictures_for_carousel/HotelPhoto34.jpg,75
595,Azure Resort & Spa,https://s3.amazonaws.com/photo-carousel/Pictures_for_carousel/HotelPhoto26.jpg,75
596,Azure Resort & Spa,https://s3.amazonaws.com/photo-carousel/Pictures_for_carousel/HotelPhoto41.jpg,75
597,Azure Resort & Spa,https://s3.amazonaws.com/photo-carousel/Pictures_for_carousel/HotelPhoto52.jpg,75
598,Azure Resort & Spa,https://s3.amazonaws.com/photo-carousel/Pictures_for_carousel/HotelPhoto54.jpg,75
600,Azure Resort & Spa,https://s3.amazonaws.com/photo-carousel/Pictures_for_carousel/HotelPhoto47.jpg,75
601,Azure Resort & Spa,https://s3.amazonaws.com/photo-carousel/Pictures_for_carousel/HotelPhoto6.jpg,75
602,Azure Resort & Spa,https://s3.amazonaws.com/photo-carousel/Pictures_for_carousel/HotelPhoto20.jpg,75
603,Azure Resort & Spa,https://s3.amazonaws.com/photo-carousel/Pictures_for_carousel/HotelPhoto32.jpg,75
604,Azure Resort & Spa,https://s3.amazonaws.com/photo-carousel/Pictures_for_carousel/HotelPhoto7.jpg,75
231,Glorious Residence Hotel,https://s3.amazonaws.com/photo-carousel/Pictures_for_carousel/HotelPhoto52.jpg,85
233,Glorious Residence Hotel,https://s3.amazonaws.com/photo-carousel/Pictures_for_carousel/HotelPhoto26.jpg,85
234,Glorious Residence Hotel,https://s3.amazonaws.com/photo-carousel/Pictures_for_carousel/HotelPhoto49.jpg,85
235,Glorious Residence Hotel,https://s3.amazonaws.com/photo-carousel/Pictures_for_carousel/HotelPhoto14.jpg,85
236,Glorious Residence Hotel,https://s3.amazonaws.com/photo-carousel/Pictures_for_carousel/HotelPhoto15.jpg,85
237,Glorious Residence Hotel,https://s3.amazonaws.com/photo-carousel/Pictures_for_carousel/HotelPhoto55.jpg,85
239,Glorious Residence Hotel,https://s3.amazonaws.com/photo-carousel/Pictures_for_carousel/HotelPhoto7.jpg,85
240,Glorious Residence Hotel,https://s3.amazonaws.com/photo-carousel/Pictures_for_carousel/HotelPhoto16.jpg,85
241,Glorious Residence Hotel,https://s3.amazonaws.com/photo-carousel/Pictures_for_carousel/HotelPhoto12.jpg,85
242,Glorious Residence Hotel,https://s3.amazonaws.com/photo-carousel/Pictures_for_carousel/HotelPhoto43.jpg,85
243,Glorious Residence Hotel,https://s3.amazonaws.com/photo-carousel/Pictures_for_carousel/HotelPhoto4.jpg,85
244,Glorious Residence Hotel,https://s3.amazonaws.com/photo-carousel/Pictures_for_carousel/HotelPhoto18.jpg,85
245,Glorious Residence Hotel,https://s3.amazonaws.com/photo-carousel/Pictures_for_carousel/HotelPhoto45.jpg,85
246,Glorious Residence Hotel,https://s3.amazonaws.com/photo-carousel/Pictures_for_carousel/HotelPhoto54.jpg,85
21,Stratosphere Resort,https://s3.amazonaws.com/photo-carousel/Pictures_for_carousel/HotelPhoto26.jpg,53
22,Stratosphere Resort,https://s3.amazonaws.com/photo-carousel/Pictures_for_carousel/HotelPhoto35.jpg,53
23,Stratosphere Resort,https://s3.amazonaws.com/photo-carousel/Pictures_for_carousel/HotelPhoto12.jpg,53
24,Stratosphere Resort,https://s3.amazonaws.com/photo-carousel/Pictures_for_carousel/HotelPhoto39.jpg,53
25,Stratosphere Resort,https://s3.amazonaws.com/photo-carousel/Pictures_for_carousel/HotelPhoto3.jpg,53
26,Stratosphere Resort,https://s3.amazonaws.com/photo-carousel/Pictures_for_carousel/HotelPhoto56.jpg,53
27,Stratosphere Resort,https://s3.amazonaws.com/photo-carousel/Pictures_for_carousel/HotelPhoto38.jpg,53
28,Stratosphere Resort,https://s3.amazonaws.com/photo-carousel/Pictures_for_carousel/HotelPhoto10.jpg,53
29,Stratosphere Resort,https://s3.amazonaws.com/photo-carousel/Pictures_for_carousel/HotelPhoto40.jpg,53
30,Stratosphere Resort,https://s3.amazonaws.com/photo-carousel/Pictures_for_carousel/HotelPhoto23.jpg,53
32,Stratosphere Resort,https://s3.amazonaws.com/photo-carousel/Pictures_for_carousel/HotelPhoto42.jpg,53
33,Stratosphere Resort,https://s3.amazonaws.com/photo-carousel/Pictures_for_carousel/HotelPhoto45.jpg,53
40,Stratosphere Resort,https://s3.amazonaws.com/photo-carousel/Pictures_for_carousel/HotelPhoto50.jpg,53
130,Diamond Resort,https://s3.amazonaws.com/photo-carousel/Pictures_for_carousel/HotelPhoto12.jpg,34
131,Diamond Resort,https://s3.amazonaws.com/photo-carousel/Pictures_for_carousel/HotelPhoto55.jpg,34
132,Diamond Resort,https://s3.amazonaws.com/photo-carousel/Pictures_for_carousel/HotelPhoto45.jpg,34
133,Diamond Resort,https://s3.amazonaws.com/photo-carousel/Pictures_for_carousel/HotelPhoto33.jpg,34
134,Diamond Resort,https://s3.amazonaws.com/photo-carousel/Pictures_for_carousel/HotelPhoto49.jpg,34
135,Diamond Resort,https://s3.amazonaws.com/photo-carousel/Pictures_for_carousel/HotelPhoto25.jpg,34
136,Diamond Resort,https://s3.amazonaws.com/photo-carousel/Pictures_for_carousel/HotelPhoto53.jpg,34
137,Diamond Resort,https://s3.amazonaws.com/photo-carousel/Pictures_for_carousel/HotelPhoto31.jpg,34
138,Diamond Resort,https://s3.amazonaws.com/photo-carousel/Pictures_for_carousel/HotelPhoto39.jpg,34
139,Diamond Resort,https://s3.amazonaws.com/photo-carousel/Pictures_for_carousel/HotelPhoto29.jpg,34
140,Diamond Resort,https://s3.amazonaws.com/photo-carousel/Pictures_for_carousel/HotelPhoto32.jpg,34
141,Diamond Resort,https://s3.amazonaws.com/photo-carousel/Pictures_for_carousel/HotelPhoto21.jpg,34
143,Diamond Resort,https://s3.amazonaws.com/photo-carousel/Pictures_for_carousel/HotelPhoto14.jpg,34
144,Diamond Resort,https://s3.amazonaws.com/photo-carousel/Pictures_for_carousel/HotelPhoto36.jpg,34
151,Diamond Resort,https://s3.amazonaws.com/photo-carousel/Pictures_for_carousel/HotelPhoto5.jpg,34
69,Oceanview Hotel,https://s3.amazonaws.com/photo-carousel/Pictures_for_carousel/HotelPhoto33.jpg,50
71,Oceanview Hotel,https://s3.amazonaws.com/photo-carousel/Pictures_for_carousel/HotelPhoto54.jpg,50
73,Oceanview Hotel,https://s3.amazonaws.com/photo-carousel/Pictures_for_carousel/HotelPhoto8.jpg,50
75,Oceanview Hotel,https://s3.amazonaws.com/photo-carousel/Pictures_for_carousel/HotelPhoto47.jpg,50
76,Oceanview Hotel,https://s3.amazonaws.com/photo-carousel/Pictures_for_carousel/HotelPhoto41.jpg,50
77,Oceanview Hotel,https://s3.amazonaws.com/photo-carousel/Pictures_for_carousel/HotelPhoto42.jpg,50
78,Oceanview Hotel,https://s3.amazonaws.com/photo-carousel/Pictures_for_carousel/HotelPhoto43.jpg,50
79,Oceanview Hotel,https://s3.amazonaws.com/photo-carousel/Pictures_for_carousel/HotelPhoto38.jpg,50
90,Oceanview Hotel,https://s3.amazonaws.com/photo-carousel/Pictures_for_carousel/HotelPhoto40.jpg,50
99,Oceanview Hotel,https://s3.amazonaws.com/photo-carousel/Pictures_for_carousel/HotelPhoto20.jpg,50
31, Point Clear Grand Htl Marriott ,https://s3.amazonaws.com/photo-carousel/Pictures_for_carousel/HotelPhoto30.jpg,72
34, Point Clear Grand Htl Marriott ,https://s3.amazonaws.com/photo-carousel/Pictures_for_carousel/HotelPhoto42.jpg,72
35, Point Clear Grand Htl Marriott ,https://s3.amazonaws.com/photo-carousel/Pictures_for_carousel/HotelPhoto53.jpg,72
36, Point Clear Grand Htl Marriott ,https://s3.amazonaws.com/photo-carousel/Pictures_for_carousel/HotelPhoto8.jpg,72
37, Point Clear Grand Htl Marriott ,https://s3.amazonaws.com/photo-carousel/Pictures_for_carousel/HotelPhoto14.jpg,72
38, Point Clear Grand Htl Marriott ,https://s3.amazonaws.com/photo-carousel/Pictures_for_carousel/HotelPhoto34.jpg,72
39, Point Clear Grand Htl Marriott ,https://s3.amazonaws.com/photo-carousel/Pictures_for_carousel/HotelPhoto28.jpg,72
41, Point Clear Grand Htl Marriott ,https://s3.amazonaws.com/photo-carousel/Pictures_for_carousel/HotelPhoto5.jpg,72
42, Point Clear Grand Htl Marriott ,https://s3.amazonaws.com/photo-carousel/Pictures_for_carousel/HotelPhoto12.jpg,72
43, Point Clear Grand Htl Marriott ,https://s3.amazonaws.com/photo-carousel/Pictures_for_carousel/HotelPhoto20.jpg,72
45, Point Clear Grand Htl Marriott ,https://s3.amazonaws.com/photo-carousel/Pictures_for_carousel/HotelPhoto52.jpg,72
46, Point Clear Grand Htl Marriott ,https://s3.amazonaws.com/photo-carousel/Pictures_for_carousel/HotelPhoto38.jpg,72
782, Travelodge-la Grande ,https://s3.amazonaws.com/photo-carousel/Pictures_for_carousel/HotelPhoto21.jpg,92
784, Travelodge-la Grande ,https://s3.amazonaws.com/photo-carousel/Pictures_for_carousel/HotelPhoto7.jpg,92
785, Travelodge-la Grande ,https://s3.amazonaws.com/photo-carousel/Pictures_for_carousel/HotelPhoto33.jpg,92
786, Travelodge-la Grande ,https://s3.amazonaws.com/photo-carousel/Pictures_for_carousel/HotelPhoto13.jpg,92
787, Travelodge-la Grande ,https://s3.amazonaws.com/photo-carousel/Pictures_for_carousel/HotelPhoto56.jpg,92
788, Travelodge-la Grande ,https://s3.amazonaws.com/photo-carousel/Pictures_for_carousel/HotelPhoto20.jpg,92
789, Travelodge-la Grande ,https://s3.amazonaws.com/photo-carousel/Pictures_for_carousel/HotelPhoto52.jpg,92
357,Rain Hotel & Spa,https://s3.amazonaws.com/photo-carousel/Pictures_for_carousel/HotelPhoto46.jpg,28
358,Rain Hotel & Spa,https://s3.amazonaws.com/photo-carousel/Pictures_for_carousel/HotelPhoto20.jpg,28
360,Rain Hotel & Spa,https://s3.amazonaws.com/photo-carousel/Pictures_for_carousel/HotelPhoto8.jpg,28
361,Rain Hotel & Spa,https://s3.amazonaws.com/photo-carousel/Pictures_for_carousel/HotelPhoto50.jpg,28
362,Rain Hotel & Spa,https://s3.amazonaws.com/photo-carousel/Pictures_for_carousel/HotelPhoto23.jpg,28
363,Rain Hotel & Spa,https://s3.amazonaws.com/photo-carousel/Pictures_for_carousel/HotelPhoto31.jpg,28
365,Rain Hotel & Spa,https://s3.amazonaws.com/photo-carousel/Pictures_for_carousel/HotelPhoto21.jpg,28
382,Rain Hotel & Spa,https://s3.amazonaws.com/photo-carousel/Pictures_for_carousel/HotelPhoto32.jpg,28
47, Echo Lake Lodge ,https://s3.amazonaws.com/photo-carousel/Pictures_for_carousel/HotelPhoto27.jpg,27
48, Echo Lake Lodge ,https://s3.amazonaws.com/photo-carousel/Pictures_for_carousel/HotelPhoto31.jpg,27
49, Echo Lake Lodge ,https://s3.amazonaws.com/photo-carousel/Pictures_for_carousel/HotelPhoto22.jpg,27
50, Echo Lake Lodge ,https://s3.amazonaws.com/photo-carousel/Pictures_for_carousel/HotelPhoto49.jpg,27
51, Echo Lake Lodge ,https://s3.amazonaws.com/photo-carousel/Pictures_for_carousel/HotelPhoto48.jpg,27
52, Echo Lake Lodge ,https://s3.amazonaws.com/photo-carousel/Pictures_for_carousel/HotelPhoto20.jpg,27
53, Echo Lake Lodge ,https://s3.amazonaws.com/photo-carousel/Pictures_for_carousel/HotelPhoto2.jpg,27
54, Echo Lake Lodge ,https://s3.amazonaws.com/photo-carousel/Pictures_for_carousel/HotelPhoto25.jpg,27
70, Echo Lake Lodge ,https://s3.amazonaws.com/photo-carousel/Pictures_for_carousel/HotelPhoto14.jpg,27
62, Eureka Casino Hotel ,https://s3.amazonaws.com/photo-carousel/Pictures_for_carousel/HotelPhoto48.jpg,29
63, Eureka Casino Hotel ,https://s3.amazonaws.com/photo-carousel/Pictures_for_carousel/HotelPhoto32.jpg,29
64, Eureka Casino Hotel ,https://s3.amazonaws.com/photo-carousel/Pictures_for_carousel/HotelPhoto9.jpg,29
65, Eureka Casino Hotel ,https://s3.amazonaws.com/photo-carousel/Pictures_for_carousel/HotelPhoto39.jpg,29
66, Eureka Casino Hotel ,https://s3.amazonaws.com/photo-carousel/Pictures_for_carousel/HotelPhoto19.jpg,29
67, Eureka Casino Hotel ,https://s3.amazonaws.com/photo-carousel/Pictures_for_carousel/HotelPhoto58.jpg,29
68, Eureka Casino Hotel ,https://s3.amazonaws.com/photo-carousel/Pictures_for_carousel/HotelPhoto27.jpg,29
72, Eureka Casino Hotel ,https://s3.amazonaws.com/photo-carousel/Pictures_for_carousel/HotelPhoto28.jpg,29
74, Eureka Casino Hotel ,https://s3.amazonaws.com/photo-carousel/Pictures_for_carousel/HotelPhoto20.jpg,29
320, Eureka Casino Hotel ,https://s3.amazonaws.com/photo-carousel/Pictures_for_carousel/HotelPhoto2.jpg,29
221, Fortune Bay Resort & Casino ,https://s3.amazonaws.com/photo-carousel/Pictures_for_carousel/HotelPhoto25.jpg,33
223, Fortune Bay Resort & Casino ,https://s3.amazonaws.com/photo-carousel/Pictures_for_carousel/HotelPhoto41.jpg,33
224, Fortune Bay Resort & Casino ,https://s3.amazonaws.com/photo-carousel/Pictures_for_carousel/HotelPhoto57.jpg,33
225, Fortune Bay Resort & Casino ,https://s3.amazonaws.com/photo-carousel/Pictures_for_carousel/HotelPhoto6.jpg,33
226, Fortune Bay Resort & Casino ,https://s3.amazonaws.com/photo-carousel/Pictures_for_carousel/HotelPhoto38.jpg,33
227, Fortune Bay Resort & Casino ,https://s3.amazonaws.com/photo-carousel/Pictures_for_carousel/HotelPhoto43.jpg,33
228, Fortune Bay Resort & Casino ,https://s3.amazonaws.com/photo-carousel/Pictures_for_carousel/HotelPhoto12.jpg,33
229, Fortune Bay Resort & Casino ,https://s3.amazonaws.com/photo-carousel/Pictures_for_carousel/HotelPhoto15.jpg,33
230, Fortune Bay Resort & Casino ,https://s3.amazonaws.com/photo-carousel/Pictures_for_carousel/HotelPhoto5.jpg,33
232, Fortune Bay Resort & Casino ,https://s3.amazonaws.com/photo-carousel/Pictures_for_carousel/HotelPhoto21.jpg,33
238, Fortune Bay Resort & Casino ,https://s3.amazonaws.com/photo-carousel/Pictures_for_carousel/HotelPhoto51.jpg,33
893, South Fork Resort ,https://s3.amazonaws.com/photo-carousel/Pictures_for_carousel/HotelPhoto39.jpg,83
894, South Fork Resort ,https://s3.amazonaws.com/photo-carousel/Pictures_for_carousel/HotelPhoto32.jpg,83
95,Grand Resort,https://s3.amazonaws.com/photo-carousel/Pictures_for_carousel/HotelPhoto29.jpg,80
760, Swissotel ,https://s3.amazonaws.com/photo-carousel/Pictures_for_carousel/HotelPhoto37.jpg,87
764, Swissotel ,https://s3.amazonaws.com/photo-carousel/Pictures_for_carousel/HotelPhoto58.jpg,87
765, Swissotel ,https://s3.amazonaws.com/photo-carousel/Pictures_for_carousel/HotelPhoto5.jpg,87
766, Swissotel ,https://s3.amazonaws.com/photo-carousel/Pictures_for_carousel/HotelPhoto55.jpg,87
767, Swissotel ,https://s3.amazonaws.com/photo-carousel/Pictures_for_carousel/HotelPhoto32.jpg,87
768, Swissotel ,https://s3.amazonaws.com/photo-carousel/Pictures_for_carousel/HotelPhoto29.jpg,87
769, Swissotel ,https://s3.amazonaws.com/photo-carousel/Pictures_for_carousel/HotelPhoto6.jpg,87
770, Swissotel ,https://s3.amazonaws.com/photo-carousel/Pictures_for_carousel/HotelPhoto48.jpg,87
771, Swissotel ,https://s3.amazonaws.com/photo-carousel/Pictures_for_carousel/HotelPhoto31.jpg,87
772, Swissotel ,https://s3.amazonaws.com/photo-carousel/Pictures_for_carousel/HotelPhoto49.jpg,87
773, Swissotel ,https://s3.amazonaws.com/photo-carousel/Pictures_for_carousel/HotelPhoto47.jpg,87
774, Swissotel ,https://s3.amazonaws.com/photo-carousel/Pictures_for_carousel/HotelPhoto20.jpg,87
775, Swissotel ,https://s3.amazonaws.com/photo-carousel/Pictures_for_carousel/HotelPhoto45.jpg,87
794, Swissotel ,https://s3.amazonaws.com/photo-carousel/Pictures_for_carousel/HotelPhoto24.jpg,87
497,Galaxy Hotel,https://s3.amazonaws.com/photo-carousel/Pictures_for_carousel/HotelPhoto39.jpg,88
498,Galaxy Hotel,https://s3.amazonaws.com/photo-carousel/Pictures_for_carousel/HotelPhoto4.jpg,88
499,Galaxy Hotel,https://s3.amazonaws.com/photo-carousel/Pictures_for_carousel/HotelPhoto38.jpg,88
500,Galaxy Hotel,https://s3.amazonaws.com/photo-carousel/Pictures_for_carousel/HotelPhoto58.jpg,88
501,Galaxy Hotel,https://s3.amazonaws.com/photo-carousel/Pictures_for_carousel/HotelPhoto44.jpg,88
502,Galaxy Hotel,https://s3.amazonaws.com/photo-carousel/Pictures_for_carousel/HotelPhoto53.jpg,88
503,Galaxy Hotel,https://s3.amazonaws.com/photo-carousel/Pictures_for_carousel/HotelPhoto2.jpg,88
504,Galaxy Hotel,https://s3.amazonaws.com/photo-carousel/Pictures_for_carousel/HotelPhoto43.jpg,88
505,Galaxy Hotel,https://s3.amazonaws.com/photo-carousel/Pictures_for_carousel/HotelPhoto41.jpg,88
507,Galaxy Hotel,https://s3.amazonaws.com/photo-carousel/Pictures_for_carousel/HotelPhoto24.jpg,88
508,Galaxy Hotel,https://s3.amazonaws.com/photo-carousel/Pictures_for_carousel/HotelPhoto27.jpg,88
509,Galaxy Hotel,https://s3.amazonaws.com/photo-carousel/Pictures_for_carousel/HotelPhoto23.jpg,88
510,Galaxy Hotel,https://s3.amazonaws.com/photo-carousel/Pictures_for_carousel/HotelPhoto52.jpg,88
511,Galaxy Hotel,https://s3.amazonaws.com/photo-carousel/Pictures_for_carousel/HotelPhoto5.jpg,88
869,Traveller Hotel & Spa,https://s3.amazonaws.com/photo-carousel/Pictures_for_carousel/HotelPhoto12.jpg,81
870,Traveller Hotel & Spa,https://s3.amazonaws.com/photo-carousel/Pictures_for_carousel/HotelPhoto22.jpg,81
871,Traveller Hotel & Spa,https://s3.amazonaws.com/photo-carousel/Pictures_for_carousel/HotelPhoto52.jpg,81
872,Traveller Hotel & Spa,https://s3.amazonaws.com/photo-carousel/Pictures_for_carousel/HotelPhoto55.jpg,81
873,Traveller Hotel & Spa,https://s3.amazonaws.com/photo-carousel/Pictures_for_carousel/HotelPhoto26.jpg,81
874,Traveller Hotel & Spa,https://s3.amazonaws.com/photo-carousel/Pictures_for_carousel/HotelPhoto5.jpg,81
875,Traveller Hotel & Spa,https://s3.amazonaws.com/photo-carousel/Pictures_for_carousel/HotelPhoto23.jpg,81
876,Traveller Hotel & Spa,https://s3.amazonaws.com/photo-carousel/Pictures_for_carousel/HotelPhoto7.jpg,81
879,Traveller Hotel & Spa,https://s3.amazonaws.com/photo-carousel/Pictures_for_carousel/HotelPhoto49.jpg,81
909,Traveller Hotel & Spa,https://s3.amazonaws.com/photo-carousel/Pictures_for_carousel/HotelPhoto38.jpg,81
790, Basspoint Resort ,https://s3.amazonaws.com/photo-carousel/Pictures_for_carousel/HotelPhoto49.jpg,3
791, Basspoint Resort ,https://s3.amazonaws.com/photo-carousel/Pictures_for_carousel/HotelPhoto13.jpg,3
654, Quail Ridge Inn Resort ,https://s3.amazonaws.com/photo-carousel/Pictures_for_carousel/HotelPhoto1.jpg,73
655, Quail Ridge Inn Resort ,https://s3.amazonaws.com/photo-carousel/Pictures_for_carousel/HotelPhoto58.jpg,73
656, Quail Ridge Inn Resort ,https://s3.amazonaws.com/photo-carousel/Pictures_for_carousel/HotelPhoto54.jpg,73
657, Quail Ridge Inn Resort ,https://s3.amazonaws.com/photo-carousel/Pictures_for_carousel/HotelPhoto19.jpg,73
658, Quail Ridge Inn Resort ,https://s3.amazonaws.com/photo-carousel/Pictures_for_carousel/HotelPhoto31.jpg,73
659, Quail Ridge Inn Resort ,https://s3.amazonaws.com/photo-carousel/Pictures_for_carousel/HotelPhoto4.jpg,73
660, Quail Ridge Inn Resort ,https://s3.amazonaws.com/photo-carousel/Pictures_for_carousel/HotelPhoto7.jpg,73
661, Quail Ridge Inn Resort ,https://s3.amazonaws.com/photo-carousel/Pictures_for_carousel/HotelPhoto2.jpg,73
662, Quail Ridge Inn Resort ,https://s3.amazonaws.com/photo-carousel/Pictures_for_carousel/HotelPhoto45.jpg,73
663, Quail Ridge Inn Resort ,https://s3.amazonaws.com/photo-carousel/Pictures_for_carousel/HotelPhoto44.jpg,73
664, Quail Ridge Inn Resort ,https://s3.amazonaws.com/photo-carousel/Pictures_for_carousel/HotelPhoto51.jpg,73
665, Quail Ridge Inn Resort ,https://s3.amazonaws.com/photo-carousel/Pictures_for_carousel/HotelPhoto27.jpg,73
667, Quail Ridge Inn Resort ,https://s3.amazonaws.com/photo-carousel/Pictures_for_carousel/HotelPhoto22.jpg,73
668, Quail Ridge Inn Resort ,https://s3.amazonaws.com/photo-carousel/Pictures_for_carousel/HotelPhoto32.jpg,73
675, Quail Ridge Inn Resort ,https://s3.amazonaws.com/photo-carousel/Pictures_for_carousel/HotelPhoto21.jpg,73
676,Leisure Hotel,https://s3.amazonaws.com/photo-carousel/Pictures_for_carousel/HotelPhoto15.jpg,94
677,Leisure Hotel,https://s3.amazonaws.com/photo-carousel/Pictures_for_carousel/HotelPhoto12.jpg,94
678,Leisure Hotel,https://s3.amazonaws.com/photo-carousel/Pictures_for_carousel/HotelPhoto13.jpg,94
679,Leisure Hotel,https://s3.amazonaws.com/photo-carousel/Pictures_for_carousel/HotelPhoto6.jpg,94
680,Leisure Hotel,https://s3.amazonaws.com/photo-carousel/Pictures_for_carousel/HotelPhoto52.jpg,94
681,Leisure Hotel,https://s3.amazonaws.com/photo-carousel/Pictures_for_carousel/HotelPhoto42.jpg,94
682,Leisure Hotel,https://s3.amazonaws.com/photo-carousel/Pictures_for_carousel/HotelPhoto38.jpg,94
683,Leisure Hotel,https://s3.amazonaws.com/photo-carousel/Pictures_for_carousel/HotelPhoto57.jpg,94
684,Leisure Hotel,https://s3.amazonaws.com/photo-carousel/Pictures_for_carousel/HotelPhoto34.jpg,94
685,Leisure Hotel,https://s3.amazonaws.com/photo-carousel/Pictures_for_carousel/HotelPhoto31.jpg,94
686,Leisure Hotel,https://s3.amazonaws.com/photo-carousel/Pictures_for_carousel/HotelPhoto5.jpg,94
687,Leisure Hotel,https://s3.amazonaws.com/photo-carousel/Pictures_for_carousel/HotelPhoto11.jpg,94
688,Leisure Hotel,https://s3.amazonaws.com/photo-carousel/Pictures_for_carousel/HotelPhoto23.jpg,94
247,Seacoast Resort,https://s3.amazonaws.com/photo-carousel/Pictures_for_carousel/HotelPhoto9.jpg,7
248,Seacoast Resort,https://s3.amazonaws.com/photo-carousel/Pictures_for_carousel/HotelPhoto15.jpg,7
249,Seacoast Resort,https://s3.amazonaws.com/photo-carousel/Pictures_for_carousel/HotelPhoto30.jpg,7
250,Seacoast Resort,https://s3.amazonaws.com/photo-carousel/Pictures_for_carousel/HotelPhoto28.jpg,7
251,Seacoast Resort,https://s3.amazonaws.com/photo-carousel/Pictures_for_carousel/HotelPhoto55.jpg,7
252,Seacoast Resort,https://s3.amazonaws.com/photo-carousel/Pictures_for_carousel/HotelPhoto7.jpg,7
253,Seacoast Resort,https://s3.amazonaws.com/photo-carousel/Pictures_for_carousel/HotelPhoto25.jpg,7
84,Atlantis Shroud Resort & Spa,https://s3.amazonaws.com/photo-carousel/Pictures_for_carousel/HotelPhoto36.jpg,64
85,Atlantis Shroud Resort & Spa,https://s3.amazonaws.com/photo-carousel/Pictures_for_carousel/HotelPhoto28.jpg,64
86,Atlantis Shroud Resort & Spa,https://s3.amazonaws.com/photo-carousel/Pictures_for_carousel/HotelPhoto20.jpg,64
87,Atlantis Shroud Resort & Spa,https://s3.amazonaws.com/photo-carousel/Pictures_for_carousel/HotelPhoto1.jpg,64
88,Atlantis Shroud Resort & Spa,https://s3.amazonaws.com/photo-carousel/Pictures_for_carousel/HotelPhoto19.jpg,64
89,Atlantis Shroud Resort & Spa,https://s3.amazonaws.com/photo-carousel/Pictures_for_carousel/HotelPhoto27.jpg,64
91,Atlantis Shroud Resort & Spa,https://s3.amazonaws.com/photo-carousel/Pictures_for_carousel/HotelPhoto18.jpg,64
92,Atlantis Shroud Resort & Spa,https://s3.amazonaws.com/photo-carousel/Pictures_for_carousel/HotelPhoto31.jpg,64
93,Atlantis Shroud Resort & Spa,https://s3.amazonaws.com/photo-carousel/Pictures_for_carousel/HotelPhoto37.jpg,64
94,Atlantis Shroud Resort & Spa,https://s3.amazonaws.com/photo-carousel/Pictures_for_carousel/HotelPhoto51.jpg,64
96,Atlantis Shroud Resort & Spa,https://s3.amazonaws.com/photo-carousel/Pictures_for_carousel/HotelPhoto32.jpg,64
97,Atlantis Shroud Resort & Spa,https://s3.amazonaws.com/photo-carousel/Pictures_for_carousel/HotelPhoto5.jpg,64
98,Atlantis Shroud Resort & Spa,https://s3.amazonaws.com/photo-carousel/Pictures_for_carousel/HotelPhoto48.jpg,64
100,Atlantis Shroud Resort & Spa,https://s3.amazonaws.com/photo-carousel/Pictures_for_carousel/HotelPhoto12.jpg,64
101,Atlantis Shroud Resort & Spa,https://s3.amazonaws.com/photo-carousel/Pictures_for_carousel/HotelPhoto40.jpg,64
319,Jade Arc Resort,https://s3.amazonaws.com/photo-carousel/Pictures_for_carousel/HotelPhoto43.jpg,11
321,Jade Arc Resort,https://s3.amazonaws.com/photo-carousel/Pictures_for_carousel/HotelPhoto15.jpg,11
322,Jade Arc Resort,https://s3.amazonaws.com/photo-carousel/Pictures_for_carousel/HotelPhoto35.jpg,11
323,Jade Arc Resort,https://s3.amazonaws.com/photo-carousel/Pictures_for_carousel/HotelPhoto21.jpg,11
324,Jade Arc Resort,https://s3.amazonaws.com/photo-carousel/Pictures_for_carousel/HotelPhoto16.jpg,11
326,Jade Arc Resort,https://s3.amazonaws.com/photo-carousel/Pictures_for_carousel/HotelPhoto34.jpg,11
327,Jade Arc Resort,https://s3.amazonaws.com/photo-carousel/Pictures_for_carousel/HotelPhoto8.jpg,11
328,Jade Arc Resort,https://s3.amazonaws.com/photo-carousel/Pictures_for_carousel/HotelPhoto25.jpg,11
329,Jade Arc Resort,https://s3.amazonaws.com/photo-carousel/Pictures_for_carousel/HotelPhoto28.jpg,11
330,Jade Arc Resort,https://s3.amazonaws.com/photo-carousel/Pictures_for_carousel/HotelPhoto31.jpg,11
331,Jade Arc Resort,https://s3.amazonaws.com/photo-carousel/Pictures_for_carousel/HotelPhoto54.jpg,11
332,Jade Arc Resort,https://s3.amazonaws.com/photo-carousel/Pictures_for_carousel/HotelPhoto10.jpg,11
334,Jade Arc Resort,https://s3.amazonaws.com/photo-carousel/Pictures_for_carousel/HotelPhoto57.jpg,11
795,Crimson Treasure Motel,https://s3.amazonaws.com/photo-carousel/Pictures_for_carousel/HotelPhoto7.jpg,5
796,Crimson Treasure Motel,https://s3.amazonaws.com/photo-carousel/Pictures_for_carousel/HotelPhoto43.jpg,5
797,Crimson Treasure Motel,https://s3.amazonaws.com/photo-carousel/Pictures_for_carousel/HotelPhoto9.jpg,5
798,Crimson Treasure Motel,https://s3.amazonaws.com/photo-carousel/Pictures_for_carousel/HotelPhoto54.jpg,5
799,Crimson Treasure Motel,https://s3.amazonaws.com/photo-carousel/Pictures_for_carousel/HotelPhoto31.jpg,5
800,Crimson Treasure Motel,https://s3.amazonaws.com/photo-carousel/Pictures_for_carousel/HotelPhoto47.jpg,5
801,Crimson Treasure Motel,https://s3.amazonaws.com/photo-carousel/Pictures_for_carousel/HotelPhoto42.jpg,5
802,Crimson Treasure Motel,https://s3.amazonaws.com/photo-carousel/Pictures_for_carousel/HotelPhoto12.jpg,5
803,Crimson Treasure Motel,https://s3.amazonaws.com/photo-carousel/Pictures_for_carousel/HotelPhoto52.jpg,5
804,Crimson Treasure Motel,https://s3.amazonaws.com/photo-carousel/Pictures_for_carousel/HotelPhoto49.jpg,5
805,Crimson Treasure Motel,https://s3.amazonaws.com/photo-carousel/Pictures_for_carousel/HotelPhoto20.jpg,5
806,Crimson Treasure Motel,https://s3.amazonaws.com/photo-carousel/Pictures_for_carousel/HotelPhoto15.jpg,5
809,Crimson Treasure Motel,https://s3.amazonaws.com/photo-carousel/Pictures_for_carousel/HotelPhoto14.jpg,5
810,Crimson Treasure Motel,https://s3.amazonaws.com/photo-carousel/Pictures_for_carousel/HotelPhoto46.jpg,5
811,Crimson Treasure Motel,https://s3.amazonaws.com/photo-carousel/Pictures_for_carousel/HotelPhoto45.jpg,5
423, Norma-Dan Motel ,https://s3.amazonaws.com/photo-carousel/Pictures_for_carousel/HotelPhoto21.jpg,68
424, Norma-Dan Motel ,https://s3.amazonaws.com/photo-carousel/Pictures_for_carousel/HotelPhoto54.jpg,68
425, Norma-Dan Motel ,https://s3.amazonaws.com/photo-carousel/Pictures_for_carousel/HotelPhoto39.jpg,68
426, Norma-Dan Motel ,https://s3.amazonaws.com/photo-carousel/Pictures_for_carousel/HotelPhoto45.jpg,68
719, Southwind's Motel ,https://s3.amazonaws.com/photo-carousel/Pictures_for_carousel/HotelPhoto52.jpg,84
723, Southwind's Motel ,https://s3.amazonaws.com/photo-carousel/Pictures_for_carousel/HotelPhoto43.jpg,84
724, Southwind's Motel ,https://s3.amazonaws.com/photo-carousel/Pictures_for_carousel/HotelPhoto56.jpg,84
725, Southwind's Motel ,https://s3.amazonaws.com/photo-carousel/Pictures_for_carousel/HotelPhoto15.jpg,84
776,Ancient Garden Hotel & Spa,https://s3.amazonaws.com/photo-carousel/Pictures_for_carousel/HotelPhoto13.jpg,10
777,Ancient Garden Hotel & Spa,https://s3.amazonaws.com/photo-carousel/Pictures_for_carousel/HotelPhoto23.jpg,10
778,Ancient Garden Hotel & Spa,https://s3.amazonaws.com/photo-carousel/Pictures_for_carousel/HotelPhoto17.jpg,10
779,Ancient Garden Hotel & Spa,https://s3.amazonaws.com/photo-carousel/Pictures_for_carousel/HotelPhoto50.jpg,10
780,Ancient Garden Hotel & Spa,https://s3.amazonaws.com/photo-carousel/Pictures_for_carousel/HotelPhoto42.jpg,10
781,Ancient Garden Hotel & Spa,https://s3.amazonaws.com/photo-carousel/Pictures_for_carousel/HotelPhoto27.jpg,10
783,Ancient Garden Hotel & Spa,https://s3.amazonaws.com/photo-carousel/Pictures_for_carousel/HotelPhoto16.jpg,10
911,King's Landscape Resort,https://s3.amazonaws.com/photo-carousel/Pictures_for_carousel/HotelPhoto60.jpg,97
845, Lightscapes ,https://s3.amazonaws.com/photo-carousel/Pictures_for_carousel/HotelPhoto24.jpg,55
846, Lightscapes ,https://s3.amazonaws.com/photo-carousel/Pictures_for_carousel/HotelPhoto12.jpg,55
847, Lightscapes ,https://s3.amazonaws.com/photo-carousel/Pictures_for_carousel/HotelPhoto48.jpg,55
850, Lightscapes ,https://s3.amazonaws.com/photo-carousel/Pictures_for_carousel/HotelPhoto22.jpg,55
851, Lightscapes ,https://s3.amazonaws.com/photo-carousel/Pictures_for_carousel/HotelPhoto8.jpg,55
852, Lightscapes ,https://s3.amazonaws.com/photo-carousel/Pictures_for_carousel/HotelPhoto29.jpg,55
853, Lightscapes ,https://s3.amazonaws.com/photo-carousel/Pictures_for_carousel/HotelPhoto26.jpg,55
854, Lightscapes ,https://s3.amazonaws.com/photo-carousel/Pictures_for_carousel/HotelPhoto41.jpg,55
855, Lightscapes ,https://s3.amazonaws.com/photo-carousel/Pictures_for_carousel/HotelPhoto16.jpg,55
856, Lightscapes ,https://s3.amazonaws.com/photo-carousel/Pictures_for_carousel/HotelPhoto28.jpg,55
857, Lightscapes ,https://s3.amazonaws.com/photo-carousel/Pictures_for_carousel/HotelPhoto23.jpg,55
907, Lightscapes ,https://s3.amazonaws.com/photo-carousel/Pictures_for_carousel/HotelPhoto4.jpg,55
638,Soft Mountain Resort,https://s3.amazonaws.com/photo-carousel/Pictures_for_carousel/HotelPhoto15.jpg,24
639,Soft Mountain Resort,https://s3.amazonaws.com/photo-carousel/Pictures_for_carousel/HotelPhoto9.jpg,24
640,Soft Mountain Resort,https://s3.amazonaws.com/photo-carousel/Pictures_for_carousel/HotelPhoto30.jpg,24
642,Soft Mountain Resort,https://s3.amazonaws.com/photo-carousel/Pictures_for_carousel/HotelPhoto57.jpg,24
643,Soft Mountain Resort,https://s3.amazonaws.com/photo-carousel/Pictures_for_carousel/HotelPhoto17.jpg,24
644,Soft Mountain Resort,https://s3.amazonaws.com/photo-carousel/Pictures_for_carousel/HotelPhoto24.jpg,24
645,Soft Mountain Resort,https://s3.amazonaws.com/photo-carousel/Pictures_for_carousel/HotelPhoto20.jpg,24
646,Soft Mountain Resort,https://s3.amazonaws.com/photo-carousel/Pictures_for_carousel/HotelPhoto22.jpg,24
647,Soft Mountain Resort,https://s3.amazonaws.com/photo-carousel/Pictures_for_carousel/HotelPhoto18.jpg,24
648,Soft Mountain Resort,https://s3.amazonaws.com/photo-carousel/Pictures_for_carousel/HotelPhoto55.jpg,24
649,Soft Mountain Resort,https://s3.amazonaws.com/photo-carousel/Pictures_for_carousel/HotelPhoto8.jpg,24
650,Soft Mountain Resort,https://s3.amazonaws.com/photo-carousel/Pictures_for_carousel/HotelPhoto10.jpg,24
651,Soft Mountain Resort,https://s3.amazonaws.com/photo-carousel/Pictures_for_carousel/HotelPhoto58.jpg,24
652,Soft Mountain Resort,https://s3.amazonaws.com/photo-carousel/Pictures_for_carousel/HotelPhoto6.jpg,24
653,Soft Mountain Resort,https://s3.amazonaws.com/photo-carousel/Pictures_for_carousel/HotelPhoto16.jpg,24
1,Secluded Estate Hotel,https://s3.amazonaws.com/photo-carousel/Pictures_for_carousel/HotelPhoto54.jpg,14
2,Secluded Estate Hotel,https://s3.amazonaws.com/photo-carousel/Pictures_for_carousel/HotelPhoto44.jpg,14
3,Secluded Estate Hotel,https://s3.amazonaws.com/photo-carousel/Pictures_for_carousel/HotelPhoto30.jpg,14
6,Secluded Estate Hotel,https://s3.amazonaws.com/photo-carousel/Pictures_for_carousel/HotelPhoto10.jpg,14
13,Secluded Estate Hotel,https://s3.amazonaws.com/photo-carousel/Pictures_for_carousel/HotelPhoto41.jpg,14
14,Secluded Estate Hotel,https://s3.amazonaws.com/photo-carousel/Pictures_for_carousel/HotelPhoto25.jpg,14
15,Secluded Estate Hotel,https://s3.amazonaws.com/photo-carousel/Pictures_for_carousel/HotelPhoto22.jpg,14
44,Secluded Estate Hotel,https://s3.amazonaws.com/photo-carousel/Pictures_for_carousel/HotelPhoto42.jpg,14
380, Cliffs Resort ,https://s3.amazonaws.com/photo-carousel/Pictures_for_carousel/HotelPhoto5.jpg,19
383, Cliffs Resort ,https://s3.amazonaws.com/photo-carousel/Pictures_for_carousel/HotelPhoto43.jpg,19
384, Cliffs Resort ,https://s3.amazonaws.com/photo-carousel/Pictures_for_carousel/HotelPhoto9.jpg,19
385, Cliffs Resort ,https://s3.amazonaws.com/photo-carousel/Pictures_for_carousel/HotelPhoto36.jpg,19
386, Cliffs Resort ,https://s3.amazonaws.com/photo-carousel/Pictures_for_carousel/HotelPhoto15.jpg,19
387, Cliffs Resort ,https://s3.amazonaws.com/photo-carousel/Pictures_for_carousel/HotelPhoto53.jpg,19
388, Cliffs Resort ,https://s3.amazonaws.com/photo-carousel/Pictures_for_carousel/HotelPhoto4.jpg,19
389, Cliffs Resort ,https://s3.amazonaws.com/photo-carousel/Pictures_for_carousel/HotelPhoto54.jpg,19
390, Cliffs Resort ,https://s3.amazonaws.com/photo-carousel/Pictures_for_carousel/HotelPhoto51.jpg,19
391, Cliffs Resort ,https://s3.amazonaws.com/photo-carousel/Pictures_for_carousel/HotelPhoto22.jpg,19
392, Cliffs Resort ,https://s3.amazonaws.com/photo-carousel/Pictures_for_carousel/HotelPhoto47.jpg,19
394, Cliffs Resort ,https://s3.amazonaws.com/photo-carousel/Pictures_for_carousel/HotelPhoto13.jpg,19
395, Cliffs Resort ,https://s3.amazonaws.com/photo-carousel/Pictures_for_carousel/HotelPhoto45.jpg,19
396, Cliffs Resort ,https://s3.amazonaws.com/photo-carousel/Pictures_for_carousel/HotelPhoto39.jpg,19
398, Cliffs Resort ,https://s3.amazonaws.com/photo-carousel/Pictures_for_carousel/HotelPhoto11.jpg,19
400, Cliffs Resort ,https://s3.amazonaws.com/photo-carousel/Pictures_for_carousel/HotelPhoto6.jpg,19
491, Cliffs Resort ,https://s3.amazonaws.com/photo-carousel/Pictures_for_carousel/HotelPhoto28.jpg,19
522, Ramada-Plaza Resort ,https://s3.amazonaws.com/photo-carousel/Pictures_for_carousel/HotelPhoto21.jpg,76
524, Ramada-Plaza Resort ,https://s3.amazonaws.com/photo-carousel/Pictures_for_carousel/HotelPhoto43.jpg,76
526, Ramada-Plaza Resort ,https://s3.amazonaws.com/photo-carousel/Pictures_for_carousel/HotelPhoto51.jpg,76
527, Ramada-Plaza Resort ,https://s3.amazonaws.com/photo-carousel/Pictures_for_carousel/HotelPhoto11.jpg,76
528, Ramada-Plaza Resort ,https://s3.amazonaws.com/photo-carousel/Pictures_for_carousel/HotelPhoto44.jpg,76
529, Ramada-Plaza Resort ,https://s3.amazonaws.com/photo-carousel/Pictures_for_carousel/HotelPhoto52.jpg,76
530, Ramada-Plaza Resort ,https://s3.amazonaws.com/photo-carousel/Pictures_for_carousel/HotelPhoto6.jpg,76
531, Ramada-Plaza Resort ,https://s3.amazonaws.com/photo-carousel/Pictures_for_carousel/HotelPhoto56.jpg,76
532, Ramada-Plaza Resort ,https://s3.amazonaws.com/photo-carousel/Pictures_for_carousel/HotelPhoto29.jpg,76
311,Snowy Pinnacle Hotel & Spa,https://s3.amazonaws.com/photo-carousel/Pictures_for_carousel/HotelPhoto58.jpg,52
315,Snowy Pinnacle Hotel & Spa,https://s3.amazonaws.com/photo-carousel/Pictures_for_carousel/HotelPhoto24.jpg,52
316,Snowy Pinnacle Hotel & Spa,https://s3.amazonaws.com/photo-carousel/Pictures_for_carousel/HotelPhoto57.jpg,52
318,Snowy Pinnacle Hotel & Spa,https://s3.amazonaws.com/photo-carousel/Pictures_for_carousel/HotelPhoto38.jpg,52
325,Snowy Pinnacle Hotel & Spa,https://s3.amazonaws.com/photo-carousel/Pictures_for_carousel/HotelPhoto32.jpg,52
570,Snowy Pinnacle Hotel & Spa,https://s3.amazonaws.com/photo-carousel/Pictures_for_carousel/HotelPhoto49.jpg,52
473, Nevermore ,https://s3.amazonaws.com/photo-carousel/Pictures_for_carousel/HotelPhoto14.jpg,67
475, Nevermore ,https://s3.amazonaws.com/photo-carousel/Pictures_for_carousel/HotelPhoto57.jpg,67
477, Nevermore ,https://s3.amazonaws.com/photo-carousel/Pictures_for_carousel/HotelPhoto19.jpg,67
478, Nevermore ,https://s3.amazonaws.com/photo-carousel/Pictures_for_carousel/HotelPhoto30.jpg,67
479, Nevermore ,https://s3.amazonaws.com/photo-carousel/Pictures_for_carousel/HotelPhoto29.jpg,67
817, Super 8-Flagstaff West ,https://s3.amazonaws.com/photo-carousel/Pictures_for_carousel/HotelPhoto37.jpg,86
818, Super 8-Flagstaff West ,https://s3.amazonaws.com/photo-carousel/Pictures_for_carousel/HotelPhoto42.jpg,86
819, Super 8-Flagstaff West ,https://s3.amazonaws.com/photo-carousel/Pictures_for_carousel/HotelPhoto3.jpg,86
820, Super 8-Flagstaff West ,https://s3.amazonaws.com/photo-carousel/Pictures_for_carousel/HotelPhoto44.jpg,86
821, Super 8-Flagstaff West ,https://s3.amazonaws.com/photo-carousel/Pictures_for_carousel/HotelPhoto4.jpg,86
822, Super 8-Flagstaff West ,https://s3.amazonaws.com/photo-carousel/Pictures_for_carousel/HotelPhoto56.jpg,86
824, Super 8-Flagstaff West ,https://s3.amazonaws.com/photo-carousel/Pictures_for_carousel/HotelPhoto30.jpg,86
825, Super 8-Flagstaff West ,https://s3.amazonaws.com/photo-carousel/Pictures_for_carousel/HotelPhoto49.jpg,86
826, Super 8-Flagstaff West ,https://s3.amazonaws.com/photo-carousel/Pictures_for_carousel/HotelPhoto53.jpg,86
827, Super 8-Flagstaff West ,https://s3.amazonaws.com/photo-carousel/Pictures_for_carousel/HotelPhoto26.jpg,86
828, Super 8-Flagstaff West ,https://s3.amazonaws.com/photo-carousel/Pictures_for_carousel/HotelPhoto25.jpg,86
829, Super 8-Flagstaff West ,https://s3.amazonaws.com/photo-carousel/Pictures_for_carousel/HotelPhoto19.jpg,86
831, Super 8-Flagstaff West ,https://s3.amazonaws.com/photo-carousel/Pictures_for_carousel/HotelPhoto58.jpg,86
837, Super 8-Flagstaff West ,https://s3.amazonaws.com/photo-carousel/Pictures_for_carousel/HotelPhoto5.jpg,86
699, Dogwood Motel ,https://s3.amazonaws.com/photo-carousel/Pictures_for_carousel/HotelPhoto4.jpg,25
702, Dogwood Motel ,https://s3.amazonaws.com/photo-carousel/Pictures_for_carousel/HotelPhoto6.jpg,25
703, Dogwood Motel ,https://s3.amazonaws.com/photo-carousel/Pictures_for_carousel/HotelPhoto53.jpg,25
704, Dogwood Motel ,https://s3.amazonaws.com/photo-carousel/Pictures_for_carousel/HotelPhoto34.jpg,25
705, Dogwood Motel ,https://s3.amazonaws.com/photo-carousel/Pictures_for_carousel/HotelPhoto11.jpg,25
706, Dogwood Motel ,https://s3.amazonaws.com/photo-carousel/Pictures_for_carousel/HotelPhoto3.jpg,25
707, Dogwood Motel ,https://s3.amazonaws.com/photo-carousel/Pictures_for_carousel/HotelPhoto51.jpg,25
708, Dogwood Motel ,https://s3.amazonaws.com/photo-carousel/Pictures_for_carousel/HotelPhoto1.jpg,25
712, Dogwood Motel ,https://s3.amazonaws.com/photo-carousel/Pictures_for_carousel/HotelPhoto56.jpg,25
548, Salbasgeon Suites ,https://s3.amazonaws.com/photo-carousel/Pictures_for_carousel/HotelPhoto18.jpg,79
551, Salbasgeon Suites ,https://s3.amazonaws.com/photo-carousel/Pictures_for_carousel/HotelPhoto13.jpg,79
552, Salbasgeon Suites ,https://s3.amazonaws.com/photo-carousel/Pictures_for_carousel/HotelPhoto31.jpg,79
553, Salbasgeon Suites ,https://s3.amazonaws.com/photo-carousel/Pictures_for_carousel/HotelPhoto42.jpg,79
554, Salbasgeon Suites ,https://s3.amazonaws.com/photo-carousel/Pictures_for_carousel/HotelPhoto44.jpg,79
555, Salbasgeon Suites ,https://s3.amazonaws.com/photo-carousel/Pictures_for_carousel/HotelPhoto10.jpg,79
556, Salbasgeon Suites ,https://s3.amazonaws.com/photo-carousel/Pictures_for_carousel/HotelPhoto43.jpg,79
557, Salbasgeon Suites ,https://s3.amazonaws.com/photo-carousel/Pictures_for_carousel/HotelPhoto40.jpg,79
558, Salbasgeon Suites ,https://s3.amazonaws.com/photo-carousel/Pictures_for_carousel/HotelPhoto5.jpg,79
559, Salbasgeon Suites ,https://s3.amazonaws.com/photo-carousel/Pictures_for_carousel/HotelPhoto58.jpg,79
560, Salbasgeon Suites ,https://s3.amazonaws.com/photo-carousel/Pictures_for_carousel/HotelPhoto56.jpg,79
561, Salbasgeon Suites ,https://s3.amazonaws.com/photo-carousel/Pictures_for_carousel/HotelPhoto34.jpg,79
562, Salbasgeon Suites ,https://s3.amazonaws.com/photo-carousel/Pictures_for_carousel/HotelPhoto30.jpg,79
566, Salbasgeon Suites ,https://s3.amazonaws.com/photo-carousel/Pictures_for_carousel/HotelPhoto37.jpg,79
674, Salbasgeon Suites ,https://s3.amazonaws.com/photo-carousel/Pictures_for_carousel/HotelPhoto12.jpg,79
792, The Orchards Hotel ,https://s3.amazonaws.com/photo-carousel/Pictures_for_carousel/HotelPhoto23.jpg,90
793, The Orchards Hotel ,https://s3.amazonaws.com/photo-carousel/Pictures_for_carousel/HotelPhoto17.jpg,90
807, The Orchards Hotel ,https://s3.amazonaws.com/photo-carousel/Pictures_for_carousel/HotelPhoto48.jpg,90
746, Lakeside Inn And Casino ,https://s3.amazonaws.com/photo-carousel/Pictures_for_carousel/HotelPhoto13.jpg,54
748, Lakeside Inn And Casino ,https://s3.amazonaws.com/photo-carousel/Pictures_for_carousel/HotelPhoto54.jpg,54
749, Lakeside Inn And Casino ,https://s3.amazonaws.com/photo-carousel/Pictures_for_carousel/HotelPhoto39.jpg,54
750, Lakeside Inn And Casino ,https://s3.amazonaws.com/photo-carousel/Pictures_for_carousel/HotelPhoto33.jpg,54
751, Lakeside Inn And Casino ,https://s3.amazonaws.com/photo-carousel/Pictures_for_carousel/HotelPhoto16.jpg,54
753, Lakeside Inn And Casino ,https://s3.amazonaws.com/photo-carousel/Pictures_for_carousel/HotelPhoto28.jpg,54
812, Tremain Street Cottages ,https://s3.amazonaws.com/photo-carousel/Pictures_for_carousel/HotelPhoto37.jpg,93
814, Tremain Street Cottages ,https://s3.amazonaws.com/photo-carousel/Pictures_for_carousel/HotelPhoto2.jpg,93
815, Tremain Street Cottages ,https://s3.amazonaws.com/photo-carousel/Pictures_for_carousel/HotelPhoto20.jpg,93
816, Tremain Street Cottages ,https://s3.amazonaws.com/photo-carousel/Pictures_for_carousel/HotelPhoto9.jpg,93
823, Tremain Street Cottages ,https://s3.amazonaws.com/photo-carousel/Pictures_for_carousel/HotelPhoto7.jpg,93
844, Tremain Street Cottages ,https://s3.amazonaws.com/photo-carousel/Pictures_for_carousel/HotelPhoto21.jpg,93
80, Inn At Walnut Creek ,https://s3.amazonaws.com/photo-carousel/Pictures_for_carousel/HotelPhoto58.jpg,43
81, Inn At Walnut Creek ,https://s3.amazonaws.com/photo-carousel/Pictures_for_carousel/HotelPhoto47.jpg,43
82, Inn At Walnut Creek ,https://s3.amazonaws.com/photo-carousel/Pictures_for_carousel/HotelPhoto17.jpg,43
83, Inn At Walnut Creek ,https://s3.amazonaws.com/photo-carousel/Pictures_for_carousel/HotelPhoto51.jpg,43
690, Pine Haven Resort ,https://s3.amazonaws.com/photo-carousel/Pictures_for_carousel/HotelPhoto37.jpg,71
691, Pine Haven Resort ,https://s3.amazonaws.com/photo-carousel/Pictures_for_carousel/HotelPhoto52.jpg,71
692, Pine Haven Resort ,https://s3.amazonaws.com/photo-carousel/Pictures_for_carousel/HotelPhoto44.jpg,71
693, Pine Haven Resort ,https://s3.amazonaws.com/photo-carousel/Pictures_for_carousel/HotelPhoto23.jpg,71
694, Pine Haven Resort ,https://s3.amazonaws.com/photo-carousel/Pictures_for_carousel/HotelPhoto9.jpg,71
695, Pine Haven Resort ,https://s3.amazonaws.com/photo-carousel/Pictures_for_carousel/HotelPhoto38.jpg,71
697, Pine Haven Resort ,https://s3.amazonaws.com/photo-carousel/Pictures_for_carousel/HotelPhoto26.jpg,71
701, Pine Haven Resort ,https://s3.amazonaws.com/photo-carousel/Pictures_for_carousel/HotelPhoto21.jpg,71
742, Pine Haven Resort ,https://s3.amazonaws.com/photo-carousel/Pictures_for_carousel/HotelPhoto34.jpg,71
412, Days Inn-South ,https://s3.amazonaws.com/photo-carousel/Pictures_for_carousel/HotelPhoto45.jpg,23
413, Days Inn-South ,https://s3.amazonaws.com/photo-carousel/Pictures_for_carousel/HotelPhoto3.jpg,23
415, Days Inn-South ,https://s3.amazonaws.com/photo-carousel/Pictures_for_carousel/HotelPhoto15.jpg,23
416, Days Inn-South ,https://s3.amazonaws.com/photo-carousel/Pictures_for_carousel/HotelPhoto36.jpg,23
418, Days Inn-South ,https://s3.amazonaws.com/photo-carousel/Pictures_for_carousel/HotelPhoto17.jpg,23
419, Days Inn-South ,https://s3.amazonaws.com/photo-carousel/Pictures_for_carousel/HotelPhoto12.jpg,23
421, Days Inn-South ,https://s3.amazonaws.com/photo-carousel/Pictures_for_carousel/HotelPhoto54.jpg,23
422, Days Inn-South ,https://s3.amazonaws.com/photo-carousel/Pictures_for_carousel/HotelPhoto42.jpg,23
622,Majestic Courtyard Resort & Spa,https://s3.amazonaws.com/photo-carousel/Pictures_for_carousel/HotelPhoto30.jpg,22
625,Majestic Courtyard Resort & Spa,https://s3.amazonaws.com/photo-carousel/Pictures_for_carousel/HotelPhoto5.jpg,22
626,Majestic Courtyard Resort & Spa,https://s3.amazonaws.com/photo-carousel/Pictures_for_carousel/HotelPhoto8.jpg,22
627,Majestic Courtyard Resort & Spa,https://s3.amazonaws.com/photo-carousel/Pictures_for_carousel/HotelPhoto38.jpg,22
628,Majestic Courtyard Resort & Spa,https://s3.amazonaws.com/photo-carousel/Pictures_for_carousel/HotelPhoto47.jpg,22
629,Majestic Courtyard Resort & Spa,https://s3.amazonaws.com/photo-carousel/Pictures_for_carousel/HotelPhoto49.jpg,22
630,Majestic Courtyard Resort & Spa,https://s3.amazonaws.com/photo-carousel/Pictures_for_carousel/HotelPhoto35.jpg,22
631,Majestic Courtyard Resort & Spa,https://s3.amazonaws.com/photo-carousel/Pictures_for_carousel/HotelPhoto41.jpg,22
632,Majestic Courtyard Resort & Spa,https://s3.amazonaws.com/photo-carousel/Pictures_for_carousel/HotelPhoto37.jpg,22
634,Majestic Courtyard Resort & Spa,https://s3.amazonaws.com/photo-carousel/Pictures_for_carousel/HotelPhoto1.jpg,22
635,Majestic Courtyard Resort & Spa,https://s3.amazonaws.com/photo-carousel/Pictures_for_carousel/HotelPhoto17.jpg,22
636,Majestic Courtyard Resort & Spa,https://s3.amazonaws.com/photo-carousel/Pictures_for_carousel/HotelPhoto36.jpg,22
637,Majestic Courtyard Resort & Spa,https://s3.amazonaws.com/photo-carousel/Pictures_for_carousel/HotelPhoto52.jpg,22
808,Majestic Courtyard Resort & Spa,https://s3.amazonaws.com/photo-carousel/Pictures_for_carousel/HotelPhoto45.jpg,22
345,Atlantis Cove Resort,https://s3.amazonaws.com/photo-carousel/Pictures_for_carousel/HotelPhoto18.jpg,42
346,Atlantis Cove Resort,https://s3.amazonaws.com/photo-carousel/Pictures_for_carousel/HotelPhoto58.jpg,42
347,Atlantis Cove Resort,https://s3.amazonaws.com/photo-carousel/Pictures_for_carousel/HotelPhoto31.jpg,42
349,Atlantis Cove Resort,https://s3.amazonaws.com/photo-carousel/Pictures_for_carousel/HotelPhoto30.jpg,42
350,Atlantis Cove Resort,https://s3.amazonaws.com/photo-carousel/Pictures_for_carousel/HotelPhoto44.jpg,42
351,Atlantis Cove Resort,https://s3.amazonaws.com/photo-carousel/Pictures_for_carousel/HotelPhoto16.jpg,42
352,Atlantis Cove Resort,https://s3.amazonaws.com/photo-carousel/Pictures_for_carousel/HotelPhoto54.jpg,42
353,Atlantis Cove Resort,https://s3.amazonaws.com/photo-carousel/Pictures_for_carousel/HotelPhoto42.jpg,42
354,Atlantis Cove Resort,https://s3.amazonaws.com/photo-carousel/Pictures_for_carousel/HotelPhoto7.jpg,42
355,Atlantis Cove Resort,https://s3.amazonaws.com/photo-carousel/Pictures_for_carousel/HotelPhoto23.jpg,42
356,Atlantis Cove Resort,https://s3.amazonaws.com/photo-carousel/Pictures_for_carousel/HotelPhoto55.jpg,42
333,Crown Paradise Resort,https://s3.amazonaws.com/photo-carousel/Pictures_for_carousel/HotelPhoto4.jpg,66
335,Crown Paradise Resort,https://s3.amazonaws.com/photo-carousel/Pictures_for_carousel/HotelPhoto35.jpg,66
336,Crown Paradise Resort,https://s3.amazonaws.com/photo-carousel/Pictures_for_carousel/HotelPhoto20.jpg,66
337,Crown Paradise Resort,https://s3.amazonaws.com/photo-carousel/Pictures_for_carousel/HotelPhoto40.jpg,66
338,Crown Paradise Resort,https://s3.amazonaws.com/photo-carousel/Pictures_for_carousel/HotelPhoto58.jpg,66
339,Crown Paradise Resort,https://s3.amazonaws.com/photo-carousel/Pictures_for_carousel/HotelPhoto56.jpg,66
340,Crown Paradise Resort,https://s3.amazonaws.com/photo-carousel/Pictures_for_carousel/HotelPhoto31.jpg,66
341,Crown Paradise Resort,https://s3.amazonaws.com/photo-carousel/Pictures_for_carousel/HotelPhoto12.jpg,66
342,Crown Paradise Resort,https://s3.amazonaws.com/photo-carousel/Pictures_for_carousel/HotelPhoto28.jpg,66
343,Crown Paradise Resort,https://s3.amazonaws.com/photo-carousel/Pictures_for_carousel/HotelPhoto11.jpg,66
344,Crown Paradise Resort,https://s3.amazonaws.com/photo-carousel/Pictures_for_carousel/HotelPhoto13.jpg,66
348,Crown Paradise Resort,https://s3.amazonaws.com/photo-carousel/Pictures_for_carousel/HotelPhoto5.jpg,66
116, Mountain Meadows Lodge Inc ,https://s3.amazonaws.com/photo-carousel/Pictures_for_carousel/HotelPhoto24.jpg,65
117, Mountain Meadows Lodge Inc ,https://s3.amazonaws.com/photo-carousel/Pictures_for_carousel/HotelPhoto22.jpg,65
118, Mountain Meadows Lodge Inc ,https://s3.amazonaws.com/photo-carousel/Pictures_for_carousel/HotelPhoto28.jpg,65
119, Mountain Meadows Lodge Inc ,https://s3.amazonaws.com/photo-carousel/Pictures_for_carousel/HotelPhoto37.jpg,65
120, Mountain Meadows Lodge Inc ,https://s3.amazonaws.com/photo-carousel/Pictures_for_carousel/HotelPhoto33.jpg,65
122, Mountain Meadows Lodge Inc ,https://s3.amazonaws.com/photo-carousel/Pictures_for_carousel/HotelPhoto29.jpg,65
123, Mountain Meadows Lodge Inc ,https://s3.amazonaws.com/photo-carousel/Pictures_for_carousel/HotelPhoto41.jpg,65
124, Mountain Meadows Lodge Inc ,https://s3.amazonaws.com/photo-carousel/Pictures_for_carousel/HotelPhoto55.jpg,65
125, Mountain Meadows Lodge Inc ,https://s3.amazonaws.com/photo-carousel/Pictures_for_carousel/HotelPhoto27.jpg,65
126, Mountain Meadows Lodge Inc ,https://s3.amazonaws.com/photo-carousel/Pictures_for_carousel/HotelPhoto31.jpg,65
127, Mountain Meadows Lodge Inc ,https://s3.amazonaws.com/photo-carousel/Pictures_for_carousel/HotelPhoto44.jpg,65
128, Mountain Meadows Lodge Inc ,https://s3.amazonaws.com/photo-carousel/Pictures_for_carousel/HotelPhoto46.jpg,65
129, Mountain Meadows Lodge Inc ,https://s3.amazonaws.com/photo-carousel/Pictures_for_carousel/HotelPhoto47.jpg,65
666, Belle-Jim Hotel ,https://s3.amazonaws.com/photo-carousel/Pictures_for_carousel/HotelPhoto46.jpg,4
669, Belle-Jim Hotel ,https://s3.amazonaws.com/photo-carousel/Pictures_for_carousel/HotelPhoto8.jpg,4
670, Belle-Jim Hotel ,https://s3.amazonaws.com/photo-carousel/Pictures_for_carousel/HotelPhoto25.jpg,4
671, Belle-Jim Hotel ,https://s3.amazonaws.com/photo-carousel/Pictures_for_carousel/HotelPhoto21.jpg,4
672, Belle-Jim Hotel ,https://s3.amazonaws.com/photo-carousel/Pictures_for_carousel/HotelPhoto7.jpg,4
673, Belle-Jim Hotel ,https://s3.amazonaws.com/photo-carousel/Pictures_for_carousel/HotelPhoto54.jpg,4
689, Belle-Jim Hotel ,https://s3.amazonaws.com/photo-carousel/Pictures_for_carousel/HotelPhoto19.jpg,4
515,Regal Resort,https://s3.amazonaws.com/photo-carousel/Pictures_for_carousel/HotelPhoto30.jpg,16
516,Regal Resort,https://s3.amazonaws.com/photo-carousel/Pictures_for_carousel/HotelPhoto31.jpg,16
520,Regal Resort,https://s3.amazonaws.com/photo-carousel/Pictures_for_carousel/HotelPhoto53.jpg,16
521,Regal Resort,https://s3.amazonaws.com/photo-carousel/Pictures_for_carousel/HotelPhoto56.jpg,16
523,Regal Resort,https://s3.amazonaws.com/photo-carousel/Pictures_for_carousel/HotelPhoto40.jpg,16
525,Regal Resort,https://s3.amazonaws.com/photo-carousel/Pictures_for_carousel/HotelPhoto15.jpg,16
544,Regal Resort,https://s3.amazonaws.com/photo-carousel/Pictures_for_carousel/HotelPhoto10.jpg,16
463, Caravan Inn Glenwood Springs ,https://s3.amazonaws.com/photo-carousel/Pictures_for_carousel/HotelPhoto36.jpg,15
464, Caravan Inn Glenwood Springs ,https://s3.amazonaws.com/photo-carousel/Pictures_for_carousel/HotelPhoto4.jpg,15
465, Caravan Inn Glenwood Springs ,https://s3.amazonaws.com/photo-carousel/Pictures_for_carousel/HotelPhoto11.jpg,15
466, Caravan Inn Glenwood Springs ,https://s3.amazonaws.com/photo-carousel/Pictures_for_carousel/HotelPhoto20.jpg,15
467, Caravan Inn Glenwood Springs ,https://s3.amazonaws.com/photo-carousel/Pictures_for_carousel/HotelPhoto7.jpg,15
468, Caravan Inn Glenwood Springs ,https://s3.amazonaws.com/photo-carousel/Pictures_for_carousel/HotelPhoto26.jpg,15
469, Caravan Inn Glenwood Springs ,https://s3.amazonaws.com/photo-carousel/Pictures_for_carousel/HotelPhoto17.jpg,15
470, Caravan Inn Glenwood Springs ,https://s3.amazonaws.com/photo-carousel/Pictures_for_carousel/HotelPhoto29.jpg,15
471, Caravan Inn Glenwood Springs ,https://s3.amazonaws.com/photo-carousel/Pictures_for_carousel/HotelPhoto22.jpg,15
472, Caravan Inn Glenwood Springs ,https://s3.amazonaws.com/photo-carousel/Pictures_for_carousel/HotelPhoto53.jpg,15
474, Caravan Inn Glenwood Springs ,https://s3.amazonaws.com/photo-carousel/Pictures_for_carousel/HotelPhoto31.jpg,15
476, Caravan Inn Glenwood Springs ,https://s3.amazonaws.com/photo-carousel/Pictures_for_carousel/HotelPhoto55.jpg,15
513, Crosscloud Hotel,https://s3.amazonaws.com/photo-carousel/Pictures_for_carousel/HotelPhoto2.jpg,20
696, Campton Parkway Inn ,https://s3.amazonaws.com/photo-carousel/Pictures_for_carousel/HotelPhoto52.jpg,13
698, Campton Parkway Inn ,https://s3.amazonaws.com/photo-carousel/Pictures_for_carousel/HotelPhoto46.jpg,13
700, Campton Parkway Inn ,https://s3.amazonaws.com/photo-carousel/Pictures_for_carousel/HotelPhoto38.jpg,13
4,Emerald Resort,https://s3.amazonaws.com/photo-carousel/Pictures_for_carousel/HotelPhoto4.jpg,40
5,Emerald Resort,https://s3.amazonaws.com/photo-carousel/Pictures_for_carousel/HotelPhoto30.jpg,40
7,Emerald Resort,https://s3.amazonaws.com/photo-carousel/Pictures_for_carousel/HotelPhoto17.jpg,40
8,Emerald Resort,https://s3.amazonaws.com/photo-carousel/Pictures_for_carousel/HotelPhoto19.jpg,40
9,Emerald Resort,https://s3.amazonaws.com/photo-carousel/Pictures_for_carousel/HotelPhoto33.jpg,40
10,Emerald Resort,https://s3.amazonaws.com/photo-carousel/Pictures_for_carousel/HotelPhoto10.jpg,40
11,Emerald Resort,https://s3.amazonaws.com/photo-carousel/Pictures_for_carousel/HotelPhoto55.jpg,40
12,Emerald Resort,https://s3.amazonaws.com/photo-carousel/Pictures_for_carousel/HotelPhoto50.jpg,40
16,Emerald Resort,https://s3.amazonaws.com/photo-carousel/Pictures_for_carousel/HotelPhoto29.jpg,40
17,Emerald Resort,https://s3.amazonaws.com/photo-carousel/Pictures_for_carousel/HotelPhoto52.jpg,40
18,Emerald Resort,https://s3.amazonaws.com/photo-carousel/Pictures_for_carousel/HotelPhoto34.jpg,40
19,Emerald Resort,https://s3.amazonaws.com/photo-carousel/Pictures_for_carousel/HotelPhoto37.jpg,40
20,Emerald Resort,https://s3.amazonaws.com/photo-carousel/Pictures_for_carousel/HotelPhoto56.jpg,40
61,Emerald Resort,https://s3.amazonaws.com/photo-carousel/Pictures_for_carousel/HotelPhoto15.jpg,40
157, Northern Pine Lodge ,https://s3.amazonaws.com/photo-carousel/Pictures_for_carousel/HotelPhoto18.jpg,69
159, Northern Pine Lodge ,https://s3.amazonaws.com/photo-carousel/Pictures_for_carousel/HotelPhoto49.jpg,69
160, Northern Pine Lodge ,https://s3.amazonaws.com/photo-carousel/Pictures_for_carousel/HotelPhoto20.jpg,69
161, Northern Pine Lodge ,https://s3.amazonaws.com/photo-carousel/Pictures_for_carousel/HotelPhoto51.jpg,69
162, Northern Pine Lodge ,https://s3.amazonaws.com/photo-carousel/Pictures_for_carousel/HotelPhoto25.jpg,69
163, Northern Pine Lodge ,https://s3.amazonaws.com/photo-carousel/Pictures_for_carousel/HotelPhoto52.jpg,69
164, Northern Pine Lodge ,https://s3.amazonaws.com/photo-carousel/Pictures_for_carousel/HotelPhoto22.jpg,69
165, Northern Pine Lodge ,https://s3.amazonaws.com/photo-carousel/Pictures_for_carousel/HotelPhoto2.jpg,69
166, Northern Pine Lodge ,https://s3.amazonaws.com/photo-carousel/Pictures_for_carousel/HotelPhoto30.jpg,69
167, Northern Pine Lodge ,https://s3.amazonaws.com/photo-carousel/Pictures_for_carousel/HotelPhoto4.jpg,69
168, Northern Pine Lodge ,https://s3.amazonaws.com/photo-carousel/Pictures_for_carousel/HotelPhoto32.jpg,69
169, Northern Pine Lodge ,https://s3.amazonaws.com/photo-carousel/Pictures_for_carousel/HotelPhoto19.jpg,69
170, Northern Pine Lodge ,https://s3.amazonaws.com/photo-carousel/Pictures_for_carousel/HotelPhoto43.jpg,69
171, Northern Pine Lodge ,https://s3.amazonaws.com/photo-carousel/Pictures_for_carousel/HotelPhoto34.jpg,69
173, Northern Pine Lodge ,https://s3.amazonaws.com/photo-carousel/Pictures_for_carousel/HotelPhoto45.jpg,69
202, Northern Pine Lodge ,https://s3.amazonaws.com/photo-carousel/Pictures_for_carousel/HotelPhoto31.jpg,69
450,Renaissance Resort,https://s3.amazonaws.com/photo-carousel/Pictures_for_carousel/HotelPhoto46.jpg,48
452,Renaissance Resort,https://s3.amazonaws.com/photo-carousel/Pictures_for_carousel/HotelPhoto45.jpg,48
453,Renaissance Resort,https://s3.amazonaws.com/photo-carousel/Pictures_for_carousel/HotelPhoto18.jpg,48
454,Renaissance Resort,https://s3.amazonaws.com/photo-carousel/Pictures_for_carousel/HotelPhoto27.jpg,48
455,Renaissance Resort,https://s3.amazonaws.com/photo-carousel/Pictures_for_carousel/HotelPhoto7.jpg,48
456,Renaissance Resort,https://s3.amazonaws.com/photo-carousel/Pictures_for_carousel/HotelPhoto25.jpg,48
457,Renaissance Resort,https://s3.amazonaws.com/photo-carousel/Pictures_for_carousel/HotelPhoto40.jpg,48
458,Renaissance Resort,https://s3.amazonaws.com/photo-carousel/Pictures_for_carousel/HotelPhoto12.jpg,48
459,Renaissance Resort,https://s3.amazonaws.com/photo-carousel/Pictures_for_carousel/HotelPhoto23.jpg,48
460,Renaissance Resort,https://s3.amazonaws.com/photo-carousel/Pictures_for_carousel/HotelPhoto17.jpg,48
461,Renaissance Resort,https://s3.amazonaws.com/photo-carousel/Pictures_for_carousel/HotelPhoto31.jpg,48
462,Renaissance Resort,https://s3.amazonaws.com/photo-carousel/Pictures_for_carousel/HotelPhoto8.jpg,48
191, Innsuites Best Western ,https://s3.amazonaws.com/photo-carousel/Pictures_for_carousel/HotelPhoto3.jpg,45
192, Innsuites Best Western ,https://s3.amazonaws.com/photo-carousel/Pictures_for_carousel/HotelPhoto27.jpg,45
193, Innsuites Best Western ,https://s3.amazonaws.com/photo-carousel/Pictures_for_carousel/HotelPhoto54.jpg,45
194, Innsuites Best Western ,https://s3.amazonaws.com/photo-carousel/Pictures_for_carousel/HotelPhoto35.jpg,45
195, Innsuites Best Western ,https://s3.amazonaws.com/photo-carousel/Pictures_for_carousel/HotelPhoto48.jpg,45
196, Innsuites Best Western ,https://s3.amazonaws.com/photo-carousel/Pictures_for_carousel/HotelPhoto10.jpg,45
197, Innsuites Best Western ,https://s3.amazonaws.com/photo-carousel/Pictures_for_carousel/HotelPhoto13.jpg,45
198, Innsuites Best Western ,https://s3.amazonaws.com/photo-carousel/Pictures_for_carousel/HotelPhoto41.jpg,45
199, Innsuites Best Western ,https://s3.amazonaws.com/photo-carousel/Pictures_for_carousel/HotelPhoto31.jpg,45
200, Innsuites Best Western ,https://s3.amazonaws.com/photo-carousel/Pictures_for_carousel/HotelPhoto5.jpg,45
201, Innsuites Best Western ,https://s3.amazonaws.com/photo-carousel/Pictures_for_carousel/HotelPhoto14.jpg,45
203, Innsuites Best Western ,https://s3.amazonaws.com/photo-carousel/Pictures_for_carousel/HotelPhoto26.jpg,45
204, Innsuites Best Western ,https://s3.amazonaws.com/photo-carousel/Pictures_for_carousel/HotelPhoto38.jpg,45
205, Innsuites Best Western ,https://s3.amazonaws.com/photo-carousel/Pictures_for_carousel/HotelPhoto56.jpg,45
206, Innsuites Best Western ,https://s3.amazonaws.com/photo-carousel/Pictures_for_carousel/HotelPhoto2.jpg,45
210, Innsuites Best Western ,https://s3.amazonaws.com/photo-carousel/Pictures_for_carousel/HotelPhoto23.jpg,45
172,Riverside Cove Hotel,https://s3.amazonaws.com/photo-carousel/Pictures_for_carousel/HotelPhoto17.jpg,35
174,Riverside Cove Hotel,https://s3.amazonaws.com/photo-carousel/Pictures_for_carousel/HotelPhoto33.jpg,35
176,Riverside Cove Hotel,https://s3.amazonaws.com/photo-carousel/Pictures_for_carousel/HotelPhoto4.jpg,35
898, Round Bay Resort ,https://s3.amazonaws.com/photo-carousel/Pictures_for_carousel/HotelPhoto9.jpg,78
899, Round Bay Resort ,https://s3.amazonaws.com/photo-carousel/Pictures_for_carousel/HotelPhoto16.jpg,78
900, Round Bay Resort ,https://s3.amazonaws.com/photo-carousel/Pictures_for_carousel/HotelPhoto6.jpg,78
901, Round Bay Resort ,https://s3.amazonaws.com/photo-carousel/Pictures_for_carousel/HotelPhoto1.jpg,78
902, Round Bay Resort ,https://s3.amazonaws.com/photo-carousel/Pictures_for_carousel/HotelPhoto53.jpg,78
903, Round Bay Resort ,https://s3.amazonaws.com/photo-carousel/Pictures_for_carousel/HotelPhoto24.jpg,78
904, Round Bay Resort ,https://s3.amazonaws.com/photo-carousel/Pictures_for_carousel/HotelPhoto39.jpg,78
905, Round Bay Resort ,https://s3.amazonaws.com/photo-carousel/Pictures_for_carousel/HotelPhoto7.jpg,78
906, Round Bay Resort ,https://s3.amazonaws.com/photo-carousel/Pictures_for_carousel/HotelPhoto54.jpg,78
910, Round Bay Resort ,https://s3.amazonaws.com/photo-carousel/Pictures_for_carousel/HotelPhoto52.jpg,78
427,Twin Forest Resort & Spa,https://s3.amazonaws.com/photo-carousel/Pictures_for_carousel/HotelPhoto30.jpg,1
428,Twin Forest Resort & Spa,https://s3.amazonaws.com/photo-carousel/Pictures_for_carousel/HotelPhoto10.jpg,1
429,Twin Forest Resort & Spa,https://s3.amazonaws.com/photo-carousel/Pictures_for_carousel/HotelPhoto43.jpg,1
430,Twin Forest Resort & Spa,https://s3.amazonaws.com/photo-carousel/Pictures_for_carousel/HotelPhoto42.jpg,1
431,Twin Forest Resort & Spa,https://s3.amazonaws.com/photo-carousel/Pictures_for_carousel/HotelPhoto31.jpg,1
432,Twin Forest Resort & Spa,https://s3.amazonaws.com/photo-carousel/Pictures_for_carousel/HotelPhoto8.jpg,1
433,Twin Forest Resort & Spa,https://s3.amazonaws.com/photo-carousel/Pictures_for_carousel/HotelPhoto25.jpg,1
434,Twin Forest Resort & Spa,https://s3.amazonaws.com/photo-carousel/Pictures_for_carousel/HotelPhoto47.jpg,1
435,Twin Forest Resort & Spa,https://s3.amazonaws.com/photo-carousel/Pictures_for_carousel/HotelPhoto2.jpg,1
436,Twin Forest Resort & Spa,https://s3.amazonaws.com/photo-carousel/Pictures_for_carousel/HotelPhoto56.jpg,1
445,Twin Forest Resort & Spa,https://s3.amazonaws.com/photo-carousel/Pictures_for_carousel/HotelPhoto45.jpg,1
743,Iceberg Motel,https://s3.amazonaws.com/photo-carousel/Pictures_for_carousel/HotelPhoto21.jpg,49
747,Iceberg Motel,https://s3.amazonaws.com/photo-carousel/Pictures_for_carousel/HotelPhoto33.jpg,49
843,Iceberg Motel,https://s3.amazonaws.com/photo-carousel/Pictures_for_carousel/HotelPhoto15.jpg,49
914,Primal Treasure Hotel,https://s3.amazonaws.com/photo-carousel/Pictures_for_carousel/HotelPhoto59.jpg,100
619,Winter Orb Hotel,https://s3.amazonaws.com/photo-carousel/Pictures_for_carousel/HotelPhoto14.jpg,51
620,Winter Orb Hotel,https://s3.amazonaws.com/photo-carousel/Pictures_for_carousel/HotelPhoto53.jpg,51
621,Winter Orb Hotel,https://s3.amazonaws.com/photo-carousel/Pictures_for_carousel/HotelPhoto36.jpg,51
623,Winter Orb Hotel,https://s3.amazonaws.com/photo-carousel/Pictures_for_carousel/HotelPhoto18.jpg,51
624,Winter Orb Hotel,https://s3.amazonaws.com/photo-carousel/Pictures_for_carousel/HotelPhoto19.jpg,51
254,Vortex Motel,https://s3.amazonaws.com/photo-carousel/Pictures_for_carousel/HotelPhoto48.jpg,95
255,Vortex Motel,https://s3.amazonaws.com/photo-carousel/Pictures_for_carousel/HotelPhoto21.jpg,95
256,Vortex Motel,https://s3.amazonaws.com/photo-carousel/Pictures_for_carousel/HotelPhoto43.jpg,95
257,Vortex Motel,https://s3.amazonaws.com/photo-carousel/Pictures_for_carousel/HotelPhoto5.jpg,95
258,Vortex Motel,https://s3.amazonaws.com/photo-carousel/Pictures_for_carousel/HotelPhoto30.jpg,95
259,Vortex Motel,https://s3.amazonaws.com/photo-carousel/Pictures_for_carousel/HotelPhoto57.jpg,95
260,Vortex Motel,https://s3.amazonaws.com/photo-carousel/Pictures_for_carousel/HotelPhoto3.jpg,95
261,Vortex Motel,https://s3.amazonaws.com/photo-carousel/Pictures_for_carousel/HotelPhoto54.jpg,95
262,Vortex Motel,https://s3.amazonaws.com/photo-carousel/Pictures_for_carousel/HotelPhoto13.jpg,95
264,Vortex Motel,https://s3.amazonaws.com/photo-carousel/Pictures_for_carousel/HotelPhoto29.jpg,95
266,Vortex Motel,https://s3.amazonaws.com/photo-carousel/Pictures_for_carousel/HotelPhoto36.jpg,95
268,Vortex Motel,https://s3.amazonaws.com/photo-carousel/Pictures_for_carousel/HotelPhoto15.jpg,95
359,Vortex Motel,https://s3.amazonaws.com/photo-carousel/Pictures_for_carousel/HotelPhoto45.jpg,95